State,Crime Rate,Health Facilities,Police Presence,Hospital Access,Road Condition,Recent Incidents,Risk Level
Kebbi,2824.0,302.0,3.0,2.0,2.0,4.0,0
Lagos,2679.0,2971.0,5.0,5.0,1.0,13.0,1
Adamawa,1488.0,583.0,2.0,5.0,2.0,19.0,1
Abia,10195.0,1014.0,5.0,2.0,4.0,14.0,2
Kano,5557.0,226.0,2.0,3.0,4.0,8.0,1
Bauchi,4527.0,3327.0,3.0,1.0,1.0,12.0,1
Anambra,6881.0,1608.0,5.0,1.0,3.0,14.0,1
Kaduna,3045.0,1750.0,1.0,3.0,5.0,20.0,2
Katsina,6925.0,2564.0,2.0,1.0,1.0,7.0,1
Nasarawa,5741.0,526.0,2.0,4.0,1.0,8.0,1
Gombe,11415.0,1694.0,2.0,3.0,3.0,6.0,1
Kogi,5374.0,3074.0,1.0,2.0,5.0,17.0,2
Lagos,5010.0,869.0,4.0,3.0,4.0,20.0,2
Kwara,10125.0,1099.0,3.0,2.0,1.0,1.0,1
Niger,6168.0,1843.0,3.0,2.0,1.0,18.0,2
Osun,12762.0,1488.0,2.0,4.0,4.0,20.0,2
Gombe,3340.0,1284.0,2.0,5.0,2.0,17.0,1
Cross River,13239.0,2594.0,4.0,4.0,5.0,11.0,1
Borno,3266.0,2287.0,4.0,1.0,1.0,3.0,0
Bauchi,11280.0,855.0,4.0,1.0,5.0,12.0,2
Ekiti,10763.0,2117.0,5.0,5.0,3.0,0.0,0
Kogi,12808.0,669.0,5.0,3.0,3.0,3.0,1
Delta,8123.0,847.0,4.0,3.0,1.0,16.0,2
Nasarawa,3927.0,2279.0,1.0,5.0,3.0,19.0,2
Benue,3504.0,1731.0,2.0,5.0,5.0,0.0,0
Katsina,6310.0,2201.0,1.0,3.0,1.0,9.0,1
Borno,1949.0,1186.0,5.0,1.0,1.0,15.0,1
Ogun,2133.0,3315.0,5.0,2.0,2.0,15.0,1
Kaduna,3705.0,1285.0,5.0,4.0,5.0,6.0,0
Oyo,9835.0,3293.0,2.0,4.0,3.0,20.0,2
Edo,8177.0,2319.0,4.0,2.0,1.0,7.0,1
Akwa Ibom,6539.0,286.0,5.0,2.0,5.0,18.0,2
Borno,1117.0,490.0,1.0,1.0,2.0,1.0,0
Ondo,6413.0,490.0,5.0,3.0,2.0,15.0,1
Benue,9834.0,741.0,5.0,4.0,5.0,7.0,1
Niger,8749.0,1867.0,2.0,1.0,1.0,13.0,2
Edo,7939.0,1883.0,4.0,1.0,1.0,1.0,1
Ekiti,12931.0,1589.0,1.0,2.0,2.0,6.0,2
Kaduna,8350.0,774.0,4.0,3.0,2.0,14.0,2
Borno,2235.0,2015.0,5.0,1.0,1.0,20.0,2
Kaduna,14697.0,260.0,1.0,2.0,2.0,13.0,2
Imo,8886.0,1075.0,4.0,2.0,1.0,12.0,2
Abia,7396.0,1286.0,4.0,4.0,3.0,17.0,2
Kogi,12770.0,2193.0,2.0,3.0,2.0,6.0,1
Adamawa,10489.0,3213.0,5.0,3.0,1.0,1.0,1
Adamawa,10571.0,2152.0,5.0,2.0,5.0,1.0,0
Jigawa,2312.0,961.0,1.0,1.0,5.0,7.0,1
Ekiti,2964.0,2533.0,2.0,5.0,5.0,1.0,0
Katsina,2343.0,1917.0,5.0,5.0,5.0,10.0,0
Oyo,5272.0,1036.0,3.0,3.0,2.0,12.0,1
Bauchi,12004.0,2843.0,3.0,3.0,4.0,2.0,1
Abia,8508.0,2744.0,5.0,1.0,1.0,17.0,2
Benue,9288.0,1286.0,2.0,1.0,3.0,7.0,1
Edo,5669.0,846.0,4.0,3.0,5.0,19.0,2
Niger,11714.0,2366.0,1.0,3.0,5.0,3.0,1
Osun,3200.0,1283.0,1.0,5.0,1.0,4.0,0
Cross River,5616.0,2677.0,2.0,2.0,3.0,20.0,2
Ondo,5325.0,2270.0,4.0,1.0,3.0,2.0,0
Kebbi,7939.0,1333.0,1.0,3.0,1.0,4.0,1
Kebbi,5291.0,861.0,4.0,4.0,5.0,17.0,1
Abia,2832.0,508.0,2.0,1.0,5.0,11.0,1
Kano,10052.0,806.0,4.0,1.0,2.0,9.0,2
Edo,14043.0,363.0,3.0,2.0,2.0,3.0,1
Edo,13781.0,2493.0,4.0,2.0,5.0,7.0,1
Ondo,3662.0,3476.0,2.0,1.0,4.0,5.0,0
Lagos,6442.0,3404.0,4.0,3.0,2.0,5.0,1
Niger,12489.0,642.0,4.0,4.0,1.0,7.0,1
Benue,14378.0,2085.0,3.0,2.0,3.0,7.0,2
Abia,11813.0,991.0,4.0,3.0,3.0,2.0,1
Nasarawa,5573.0,1638.0,5.0,5.0,4.0,10.0,0
Abia,2889.0,1269.0,2.0,3.0,5.0,1.0,0
Anambra,10774.0,1979.0,3.0,4.0,3.0,19.0,2
Jigawa,2894.0,1777.0,5.0,3.0,2.0,1.0,0
Kwara,8144.0,206.0,5.0,2.0,5.0,11.0,1
Enugu,2146.0,2920.0,3.0,3.0,5.0,3.0,0
Lagos,5920.0,2277.0,3.0,3.0,4.0,12.0,1
Kwara,5844.0,2470.0,2.0,4.0,2.0,12.0,1
Kogi,13257.0,912.0,5.0,3.0,5.0,12.0,2
Kaduna,14659.0,201.0,3.0,2.0,3.0,13.0,2
Niger,10502.0,2684.0,3.0,4.0,4.0,14.0,2
Kogi,4501.0,2293.0,4.0,1.0,2.0,9.0,1
Jigawa,11876.0,2792.0,5.0,1.0,3.0,7.0,1
Kogi,6085.0,1120.0,2.0,1.0,2.0,1.0,1
Borno,8784.0,2703.0,1.0,4.0,4.0,20.0,2
Kano,4185.0,3142.0,4.0,4.0,4.0,7.0,0
Bauchi,11748.0,3016.0,1.0,4.0,1.0,7.0,2
Bayelsa,14174.0,3050.0,5.0,1.0,4.0,17.0,2
Borno,14899.0,697.0,4.0,4.0,2.0,16.0,2
Kaduna,10755.0,1499.0,4.0,5.0,5.0,13.0,1
Ogun,9976.0,2026.0,2.0,4.0,4.0,8.0,1
Nasarawa,5050.0,2811.0,3.0,4.0,5.0,20.0,2
Borno,5499.0,2001.0,1.0,2.0,3.0,8.0,1
Ebonyi,6238.0,2412.0,1.0,2.0,2.0,7.0,1
Ekiti,12369.0,825.0,2.0,4.0,1.0,13.0,2
Ebonyi,9890.0,2108.0,4.0,2.0,1.0,13.0,2
Ekiti,13612.0,2592.0,1.0,4.0,5.0,15.0,2
Abia,6763.0,1423.0,4.0,5.0,4.0,17.0,1
Niger,10883.0,1103.0,4.0,3.0,2.0,13.0,2
Imo,1475.0,1792.0,3.0,2.0,4.0,14.0,1
Oyo,3091.0,2748.0,5.0,4.0,1.0,18.0,1
Kano,11862.0,311.0,1.0,2.0,4.0,14.0,2
Bayelsa,1823.0,1265.0,4.0,2.0,3.0,14.0,1
Ebonyi,6529.0,3317.0,4.0,4.0,3.0,8.0,1
Ogun,2341.0,2126.0,1.0,1.0,5.0,11.0,1
Borno,11651.0,481.0,1.0,2.0,1.0,6.0,2
Ogun,1333.0,2744.0,2.0,2.0,2.0,15.0,1
Kogi,2874.0,2510.0,2.0,3.0,4.0,11.0,1
Bayelsa,10926.0,2687.0,1.0,3.0,2.0,3.0,1
Kano,1420.0,1477.0,5.0,4.0,4.0,6.0,0
Akwa Ibom,10700.0,3028.0,2.0,3.0,1.0,19.0,2
Niger,2983.0,3461.0,5.0,3.0,1.0,17.0,1
Enugu,11838.0,1717.0,1.0,3.0,5.0,0.0,1
Ondo,7882.0,2207.0,1.0,3.0,4.0,20.0,2
Osun,14577.0,2083.0,2.0,2.0,4.0,16.0,2
Kebbi,5425.0,2722.0,5.0,4.0,4.0,13.0,1
Ogun,12977.0,2626.0,3.0,2.0,3.0,2.0,1
Cross River,8385.0,1198.0,4.0,5.0,5.0,12.0,1
Ebonyi,1470.0,2224.0,3.0,4.0,2.0,6.0,0
Edo,14071.0,1258.0,3.0,5.0,3.0,8.0,1
Kaduna,1166.0,2316.0,2.0,2.0,1.0,13.0,1
Imo,10096.0,3305.0,2.0,4.0,4.0,14.0,2
Niger,1282.0,581.0,3.0,4.0,2.0,7.0,0
Delta,11878.0,2582.0,3.0,5.0,4.0,16.0,2
Edo,7971.0,3255.0,5.0,3.0,3.0,14.0,1
Cross River,6023.0,1229.0,2.0,2.0,1.0,10.0,1
Anambra,13171.0,2394.0,2.0,2.0,2.0,15.0,2
Cross River,12871.0,2614.0,5.0,3.0,5.0,3.0,1
Ogun,4180.0,1413.0,2.0,2.0,3.0,9.0,1
Abia,12600.0,2387.0,2.0,1.0,3.0,1.0,1
Kaduna,5786.0,3056.0,2.0,1.0,4.0,0.0,0
Kano,5658.0,2122.0,4.0,3.0,4.0,5.0,0
Adamawa,5136.0,2156.0,1.0,4.0,1.0,15.0,2
Akwa Ibom,10453.0,2778.0,1.0,2.0,2.0,18.0,2
Delta,2395.0,1216.0,1.0,4.0,5.0,19.0,1
Katsina,13955.0,2733.0,2.0,4.0,5.0,14.0,2
Oyo,8253.0,1417.0,5.0,3.0,4.0,18.0,2
Katsina,1986.0,2697.0,1.0,2.0,2.0,8.0,1
Kogi,2330.0,843.0,2.0,5.0,2.0,2.0,0
Bayelsa,1043.0,1873.0,4.0,4.0,5.0,9.0,0
Adamawa,4792.0,1380.0,3.0,1.0,4.0,7.0,1
Oyo,5334.0,3426.0,5.0,4.0,2.0,3.0,0
Kaduna,4683.0,2852.0,2.0,2.0,3.0,2.0,0
Adamawa,3718.0,3446.0,3.0,5.0,5.0,9.0,0
Gombe,3037.0,2119.0,3.0,3.0,4.0,16.0,1
Kaduna,9090.0,1993.0,1.0,1.0,5.0,13.0,2
Lagos,6280.0,2672.0,3.0,1.0,1.0,7.0,1
Kogi,14696.0,2556.0,5.0,3.0,1.0,18.0,2
Adamawa,13502.0,3297.0,2.0,5.0,4.0,20.0,2
Gombe,5557.0,943.0,5.0,4.0,4.0,2.0,0
Imo,6700.0,1872.0,3.0,1.0,3.0,5.0,1
Ebonyi,7744.0,3041.0,4.0,4.0,3.0,17.0,2
Adamawa,8451.0,560.0,3.0,3.0,3.0,3.0,1
Nasarawa,7622.0,2307.0,1.0,4.0,5.0,13.0,1
Adamawa,4073.0,2323.0,3.0,4.0,5.0,20.0,2
Gombe,13451.0,411.0,2.0,5.0,3.0,4.0,1
Oyo,5719.0,1994.0,4.0,1.0,1.0,20.0,2
Katsina,14095.0,1180.0,2.0,5.0,3.0,0.0,1
Kaduna,7684.0,581.0,2.0,4.0,1.0,3.0,1
Kebbi,14633.0,830.0,4.0,5.0,3.0,8.0,1
Enugu,14676.0,2176.0,4.0,4.0,2.0,17.0,2
Bauchi,7284.0,980.0,5.0,2.0,5.0,2.0,0
Cross River,13659.0,3435.0,4.0,5.0,3.0,8.0,1
Ogun,1042.0,1358.0,3.0,5.0,5.0,15.0,1
Ondo,3434.0,2029.0,5.0,3.0,4.0,10.0,0
Kaduna,13498.0,2425.0,4.0,3.0,4.0,6.0,1
Kwara,4912.0,2542.0,4.0,4.0,2.0,1.0,0
Ebonyi,13201.0,2137.0,4.0,2.0,4.0,15.0,2
Adamawa,3068.0,2257.0,5.0,1.0,3.0,14.0,1
Anambra,9617.0,2071.0,1.0,4.0,2.0,20.0,2
Bauchi,2225.0,2123.0,3.0,5.0,3.0,12.0,1
Kebbi,2315.0,1545.0,5.0,3.0,4.0,20.0,1
Kwara,13442.0,2198.0,5.0,5.0,1.0,2.0,1
Borno,11340.0,3003.0,3.0,1.0,2.0,13.0,2
Anambra,13457.0,2795.0,1.0,2.0,4.0,9.0,2
Osun,1474.0,388.0,3.0,3.0,1.0,11.0,1
Edo,8056.0,796.0,2.0,4.0,5.0,18.0,2
Kogi,13984.0,937.0,2.0,1.0,2.0,19.0,2
Ondo,7267.0,2738.0,2.0,5.0,4.0,4.0,0
Borno,8555.0,2812.0,3.0,3.0,4.0,0.0,0
Osun,14183.0,2105.0,3.0,2.0,5.0,2.0,1
Gombe,6661.0,2606.0,3.0,3.0,4.0,14.0,1
Ondo,5949.0,1015.0,4.0,1.0,4.0,7.0,1
Ekiti,10370.0,1670.0,5.0,3.0,3.0,0.0,0
Ogun,11784.0,1821.0,3.0,5.0,1.0,1.0,1
Oyo,10935.0,3252.0,4.0,2.0,3.0,19.0,2
Niger,6772.0,1097.0,2.0,3.0,5.0,4.0,0
Kebbi,2591.0,2770.0,1.0,4.0,3.0,1.0,0
Kano,6977.0,3199.0,2.0,3.0,1.0,10.0,1
Lagos,7807.0,919.0,2.0,5.0,2.0,11.0,1
Jigawa,9221.0,1316.0,2.0,4.0,3.0,9.0,1
Lagos,6549.0,3494.0,1.0,1.0,4.0,4.0,1
Nasarawa,4696.0,2970.0,4.0,3.0,5.0,2.0,0
Niger,7464.0,257.0,3.0,1.0,5.0,14.0,2
Edo,12023.0,3267.0,3.0,4.0,5.0,20.0,2
Edo,2775.0,2964.0,2.0,1.0,4.0,19.0,2
Osun,10198.0,1543.0,5.0,1.0,2.0,20.0,2
Ogun,8606.0,3071.0,3.0,1.0,4.0,4.0,1
Adamawa,1609.0,1446.0,4.0,1.0,1.0,7.0,1
Osun,9807.0,755.0,4.0,3.0,4.0,17.0,2
Enugu,10622.0,3240.0,2.0,1.0,4.0,15.0,2
Katsina,7686.0,1345.0,1.0,2.0,3.0,14.0,2
Gombe,4868.0,1685.0,1.0,5.0,3.0,20.0,2
Edo,1992.0,1830.0,3.0,1.0,2.0,14.0,1
Akwa Ibom,11858.0,1068.0,5.0,1.0,1.0,10.0,2
Borno,3063.0,3423.0,5.0,1.0,2.0,17.0,2
Benue,10607.0,1084.0,2.0,2.0,3.0,19.0,2
Abia,5542.0,792.0,2.0,3.0,5.0,5.0,0
Anambra,11830.0,305.0,2.0,3.0,1.0,7.0,2
Kano,6304.0,264.0,2.0,1.0,3.0,4.0,1
Lagos,7897.0,2354.0,1.0,4.0,1.0,14.0,2
Nasarawa,6931.0,2302.0,5.0,4.0,1.0,16.0,2
Borno,11077.0,377.0,5.0,4.0,3.0,20.0,2
Abia,1996.0,2161.0,4.0,1.0,4.0,15.0,1
Kwara,8267.0,501.0,1.0,5.0,3.0,4.0,1
Akwa Ibom,3067.0,1326.0,5.0,5.0,5.0,10.0,0
Ekiti,10787.0,2373.0,3.0,5.0,4.0,19.0,2
Enugu,2624.0,3448.0,1.0,2.0,5.0,13.0,1
Gombe,4743.0,1894.0,3.0,4.0,4.0,13.0,1
Lagos,2557.0,1480.0,4.0,3.0,3.0,11.0,1
Bauchi,12252.0,2142.0,1.0,1.0,1.0,2.0,1
Enugu,2582.0,3249.0,3.0,5.0,2.0,1.0,0
Kano,10201.0,2500.0,3.0,4.0,1.0,11.0,2
Ondo,11900.0,3273.0,4.0,3.0,1.0,19.0,2
Delta,6761.0,624.0,5.0,2.0,5.0,4.0,0
Kogi,8900.0,1118.0,1.0,5.0,3.0,11.0,1
Anambra,13494.0,1341.0,5.0,4.0,2.0,17.0,2
Nasarawa,14409.0,2746.0,5.0,1.0,5.0,19.0,2
Oyo,11777.0,3040.0,3.0,2.0,1.0,8.0,2
Kwara,13491.0,1465.0,3.0,1.0,3.0,5.0,1
Ondo,3347.0,2519.0,4.0,2.0,1.0,20.0,2
Abia,2503.0,3256.0,5.0,4.0,2.0,13.0,1
Gombe,6585.0,844.0,3.0,3.0,3.0,18.0,2
Katsina,2391.0,415.0,2.0,5.0,2.0,1.0,0
Kogi,2336.0,1314.0,4.0,4.0,4.0,19.0,1
Gombe,7785.0,1318.0,2.0,1.0,5.0,11.0,1
Enugu,2816.0,1360.0,5.0,5.0,4.0,9.0,0
Adamawa,4612.0,1818.0,5.0,1.0,1.0,6.0,1
Delta,4460.0,3343.0,2.0,3.0,3.0,10.0,1
Anambra,1126.0,2237.0,4.0,2.0,2.0,12.0,1
Kaduna,12528.0,1142.0,5.0,3.0,5.0,2.0,0
Ekiti,13157.0,373.0,4.0,4.0,1.0,2.0,1
Ondo,6129.0,2558.0,4.0,4.0,5.0,20.0,2
Enugu,5743.0,671.0,4.0,3.0,1.0,5.0,1
Niger,11127.0,2084.0,3.0,4.0,1.0,3.0,1
Borno,8138.0,2612.0,4.0,1.0,5.0,12.0,1
Ondo,6083.0,3254.0,3.0,3.0,2.0,5.0,1
Akwa Ibom,9363.0,2793.0,1.0,5.0,5.0,6.0,1
Osun,13717.0,1631.0,3.0,2.0,2.0,3.0,1
Bauchi,5193.0,1008.0,2.0,2.0,5.0,20.0,2
Akwa Ibom,3902.0,3365.0,4.0,5.0,4.0,18.0,1
Gombe,12159.0,2512.0,5.0,3.0,3.0,4.0,1
Gombe,2118.0,2120.0,4.0,3.0,3.0,18.0,1
Adamawa,6766.0,2278.0,1.0,4.0,3.0,14.0,2
Adamawa,1932.0,1710.0,3.0,1.0,1.0,19.0,2
Katsina,9307.0,1774.0,4.0,5.0,5.0,1.0,0
Gombe,14268.0,2541.0,2.0,5.0,3.0,15.0,2
Jigawa,3471.0,453.0,4.0,3.0,1.0,2.0,0
Jigawa,11586.0,906.0,1.0,4.0,2.0,14.0,2
Jigawa,9564.0,2697.0,2.0,3.0,3.0,9.0,1
Ekiti,7697.0,3372.0,3.0,1.0,5.0,20.0,2
Kebbi,6482.0,469.0,3.0,5.0,1.0,12.0,1
Delta,5128.0,3164.0,5.0,3.0,2.0,2.0,0
Kano,11872.0,779.0,3.0,4.0,3.0,4.0,1
Katsina,12613.0,547.0,3.0,4.0,5.0,20.0,2
Niger,6381.0,723.0,5.0,4.0,1.0,16.0,2
Edo,1298.0,1685.0,3.0,2.0,2.0,10.0,1
Nasarawa,8967.0,986.0,2.0,2.0,2.0,2.0,1
Delta,14835.0,3428.0,1.0,5.0,5.0,16.0,2
Adamawa,11845.0,1579.0,5.0,5.0,2.0,12.0,1
Bauchi,3658.0,940.0,5.0,4.0,2.0,1.0,0
Enugu,6968.0,2970.0,2.0,5.0,4.0,9.0,1
Nasarawa,13264.0,3410.0,4.0,5.0,2.0,7.0,1
Delta,14248.0,3412.0,4.0,3.0,2.0,18.0,2
Gombe,8564.0,3351.0,3.0,5.0,4.0,16.0,2
Enugu,3655.0,1017.0,5.0,3.0,2.0,1.0,0
Kebbi,8873.0,1720.0,5.0,5.0,1.0,3.0,0
Delta,2374.0,3325.0,2.0,4.0,3.0,16.0,1
Bauchi,14615.0,1991.0,1.0,4.0,2.0,11.0,2
Oyo,1436.0,1899.0,1.0,5.0,4.0,11.0,1
Borno,7326.0,534.0,3.0,1.0,2.0,10.0,1
Oyo,2623.0,3127.0,3.0,2.0,2.0,1.0,0
Delta,14594.0,2135.0,2.0,4.0,4.0,19.0,2
Abia,2298.0,277.0,3.0,2.0,2.0,17.0,2
Lagos,10975.0,2361.0,4.0,3.0,1.0,7.0,1
Delta,2996.0,395.0,2.0,5.0,4.0,14.0,1
Akwa Ibom,2816.0,2247.0,5.0,1.0,5.0,20.0,1
Jigawa,10421.0,1190.0,2.0,4.0,3.0,0.0,0
Katsina,6780.0,1185.0,5.0,2.0,4.0,2.0,0
Jigawa,6908.0,477.0,5.0,5.0,5.0,16.0,1
Kaduna,1333.0,1799.0,4.0,4.0,1.0,11.0,1
Cross River,13244.0,266.0,3.0,3.0,1.0,7.0,2
Lagos,11765.0,2773.0,1.0,3.0,5.0,4.0,1
Adamawa,6772.0,2436.0,3.0,4.0,2.0,15.0,2
Kebbi,3986.0,752.0,1.0,1.0,4.0,9.0,1
Benue,1717.0,3440.0,2.0,3.0,1.0,9.0,1
Jigawa,7524.0,2424.0,4.0,1.0,3.0,20.0,2
Benue,5687.0,1662.0,1.0,3.0,3.0,3.0,0
Niger,7029.0,1989.0,4.0,4.0,4.0,10.0,1
Bayelsa,9129.0,3034.0,4.0,5.0,3.0,8.0,1
Niger,2353.0,3178.0,4.0,4.0,1.0,19.0,2
Ogun,3956.0,2434.0,3.0,1.0,3.0,2.0,0
Ebonyi,11828.0,1410.0,3.0,5.0,4.0,13.0,2
Bayelsa,12301.0,2018.0,3.0,1.0,4.0,11.0,2
Katsina,8126.0,1324.0,1.0,4.0,1.0,11.0,2
Jigawa,14125.0,3271.0,2.0,2.0,1.0,19.0,2
Kogi,13801.0,1994.0,1.0,1.0,2.0,7.0,2
Nasarawa,11570.0,1700.0,3.0,5.0,4.0,1.0,0
Katsina,3513.0,2981.0,4.0,3.0,3.0,14.0,1
Nasarawa,2259.0,2550.0,2.0,3.0,5.0,12.0,1
Ebonyi,11642.0,1341.0,2.0,1.0,1.0,5.0,2
Imo,9482.0,1785.0,5.0,3.0,1.0,8.0,1
Kwara,8311.0,1078.0,5.0,4.0,3.0,6.0,1
Anambra,3223.0,503.0,4.0,4.0,2.0,2.0,0
Niger,12172.0,1509.0,3.0,5.0,1.0,17.0,2
Delta,5914.0,845.0,2.0,5.0,3.0,7.0,1
Anambra,4292.0,3444.0,2.0,4.0,2.0,0.0,0
Edo,10077.0,2544.0,3.0,5.0,4.0,4.0,1
Katsina,2412.0,469.0,3.0,4.0,4.0,16.0,1
Enugu,13601.0,1877.0,5.0,2.0,1.0,10.0,2
Kebbi,2215.0,2043.0,4.0,3.0,5.0,4.0,0
Osun,14583.0,3395.0,5.0,2.0,5.0,4.0,1
Enugu,9238.0,426.0,1.0,2.0,5.0,9.0,1
Bayelsa,3653.0,1521.0,2.0,5.0,3.0,9.0,1
Ondo,2292.0,1226.0,2.0,3.0,5.0,4.0,0
Kebbi,5961.0,2716.0,5.0,5.0,1.0,20.0,2
Bayelsa,10696.0,2578.0,2.0,5.0,2.0,19.0,2
Ebonyi,14804.0,2508.0,1.0,1.0,1.0,1.0,2
Kebbi,13632.0,2562.0,3.0,5.0,2.0,13.0,2
Katsina,11469.0,324.0,4.0,3.0,5.0,20.0,2
Delta,8912.0,1203.0,4.0,4.0,3.0,2.0,0
Kwara,1981.0,847.0,4.0,4.0,4.0,14.0,1
Benue,6573.0,2684.0,2.0,3.0,3.0,11.0,1
Ekiti,3142.0,3315.0,3.0,5.0,5.0,3.0,0
Ebonyi,4960.0,2110.0,1.0,4.0,3.0,7.0,1
Bauchi,2586.0,407.0,3.0,5.0,4.0,13.0,1
Borno,3616.0,1541.0,5.0,2.0,3.0,5.0,0
Imo,9433.0,2112.0,4.0,4.0,3.0,0.0,0
Akwa Ibom,7442.0,2270.0,4.0,2.0,2.0,18.0,2
Edo,1797.0,407.0,3.0,5.0,4.0,20.0,1
Kogi,8710.0,1370.0,5.0,1.0,1.0,13.0,2
Bauchi,5333.0,3179.0,3.0,3.0,4.0,1.0,0
Ekiti,1838.0,2535.0,5.0,3.0,2.0,17.0,1
Delta,2204.0,1782.0,5.0,5.0,4.0,8.0,0
Ogun,11211.0,2986.0,5.0,2.0,1.0,3.0,1
Ekiti,7114.0,3455.0,3.0,3.0,5.0,4.0,0
Benue,10870.0,2285.0,4.0,1.0,5.0,1.0,0
Adamawa,3245.0,3122.0,3.0,5.0,4.0,14.0,1
Bauchi,10932.0,2311.0,2.0,5.0,3.0,10.0,1
Bayelsa,7438.0,2725.0,3.0,3.0,5.0,16.0,2
Ogun,9351.0,2380.0,4.0,3.0,5.0,15.0,2
Ogun,1272.0,1708.0,3.0,4.0,1.0,18.0,1
Delta,14054.0,3170.0,1.0,4.0,5.0,8.0,2
Kebbi,13827.0,3379.0,5.0,2.0,5.0,1.0,1
Kano,8871.0,898.0,5.0,4.0,5.0,4.0,0
Ogun,12153.0,1192.0,1.0,1.0,5.0,6.0,1
Abia,8225.0,1484.0,4.0,4.0,2.0,6.0,1
Enugu,9221.0,3374.0,5.0,1.0,4.0,4.0,1
Jigawa,4397.0,2497.0,3.0,5.0,4.0,12.0,1
Ebonyi,3837.0,2082.0,5.0,5.0,3.0,11.0,0
Kogi,13648.0,3152.0,3.0,4.0,5.0,6.0,1
Borno,5571.0,2485.0,3.0,3.0,2.0,9.0,1
Kwara,4396.0,3027.0,4.0,4.0,3.0,11.0,1
Kaduna,14031.0,3155.0,3.0,1.0,3.0,18.0,2
Kogi,9899.0,1755.0,4.0,2.0,3.0,9.0,1
Adamawa,5712.0,3125.0,1.0,4.0,3.0,20.0,2
Cross River,13244.0,2162.0,2.0,5.0,2.0,8.0,2
Oyo,10208.0,3051.0,3.0,1.0,2.0,19.0,2
Lagos,10614.0,1180.0,2.0,5.0,1.0,7.0,1
Kebbi,4814.0,415.0,1.0,3.0,4.0,15.0,1
Anambra,12160.0,3357.0,2.0,5.0,1.0,5.0,1
Enugu,11696.0,2148.0,4.0,3.0,2.0,10.0,2
Delta,11582.0,442.0,1.0,2.0,5.0,17.0,2
Lagos,12847.0,352.0,2.0,2.0,4.0,1.0,1
Ogun,7504.0,3427.0,4.0,3.0,2.0,1.0,0
Abia,5888.0,2526.0,5.0,3.0,1.0,9.0,1
Gombe,11507.0,2425.0,5.0,2.0,4.0,16.0,2
Gombe,5470.0,989.0,1.0,2.0,3.0,14.0,2
Kebbi,5215.0,3143.0,2.0,3.0,1.0,9.0,1
Kano,12049.0,3301.0,2.0,5.0,2.0,20.0,2
Osun,7643.0,1951.0,5.0,1.0,3.0,12.0,1
Kogi,2562.0,956.0,2.0,3.0,4.0,7.0,0
Abia,5272.0,1771.0,2.0,3.0,4.0,10.0,1
Delta,10543.0,3160.0,5.0,3.0,1.0,20.0,2
Edo,12350.0,1167.0,1.0,4.0,1.0,9.0,2
Bayelsa,7642.0,3010.0,5.0,1.0,3.0,20.0,2
Oyo,5833.0,1705.0,5.0,2.0,2.0,4.0,0
Imo,3509.0,2063.0,5.0,4.0,3.0,17.0,1
Oyo,8714.0,3302.0,5.0,2.0,2.0,19.0,2
Ondo,13900.0,535.0,5.0,5.0,4.0,11.0,1
Akwa Ibom,10243.0,659.0,1.0,5.0,5.0,6.0,1
Kano,9792.0,813.0,2.0,5.0,3.0,14.0,2
Anambra,12145.0,1041.0,5.0,1.0,4.0,16.0,2
Gombe,14249.0,427.0,4.0,5.0,2.0,13.0,2
Gombe,10239.0,436.0,5.0,3.0,4.0,0.0,0
Ekiti,5169.0,212.0,2.0,1.0,5.0,1.0,0
Enugu,6644.0,3068.0,1.0,1.0,5.0,2.0,0
Oyo,8734.0,329.0,3.0,2.0,4.0,4.0,1
Nasarawa,11510.0,3187.0,4.0,4.0,3.0,14.0,2
Ondo,7184.0,1738.0,1.0,2.0,5.0,20.0,2
Ondo,6697.0,685.0,2.0,4.0,5.0,16.0,1
Bauchi,12925.0,1112.0,1.0,3.0,1.0,14.0,2
Kogi,12781.0,2430.0,4.0,4.0,5.0,7.0,1
Borno,8546.0,1617.0,2.0,2.0,3.0,3.0,1
Adamawa,14262.0,2904.0,4.0,1.0,5.0,7.0,1
Benue,2102.0,613.0,5.0,4.0,1.0,19.0,1
Kogi,12522.0,399.0,2.0,4.0,1.0,14.0,2
Borno,9843.0,1089.0,1.0,5.0,2.0,9.0,1
Borno,14365.0,3196.0,5.0,5.0,3.0,19.0,2
Nasarawa,12018.0,1513.0,2.0,2.0,3.0,16.0,2
Borno,7775.0,1430.0,3.0,5.0,1.0,18.0,2
Osun,13045.0,917.0,4.0,4.0,5.0,1.0,0
Edo,11540.0,2949.0,4.0,3.0,5.0,13.0,2
Enugu,3444.0,1428.0,4.0,5.0,2.0,15.0,1
Borno,14915.0,1123.0,3.0,4.0,2.0,1.0,1
Kaduna,7761.0,1906.0,5.0,2.0,5.0,12.0,1
Borno,5177.0,1032.0,3.0,4.0,1.0,11.0,1
Akwa Ibom,9775.0,3167.0,2.0,3.0,1.0,12.0,2
Kogi,10911.0,2669.0,1.0,2.0,1.0,18.0,2
Lagos,12001.0,2489.0,2.0,2.0,4.0,10.0,2
Delta,1251.0,1067.0,2.0,4.0,1.0,7.0,0
Kwara,10902.0,3082.0,2.0,2.0,4.0,17.0,2
Ebonyi,13706.0,1359.0,4.0,5.0,4.0,20.0,2
Edo,6053.0,1271.0,3.0,4.0,5.0,14.0,1
Anambra,14153.0,3159.0,4.0,2.0,3.0,11.0,2
Ebonyi,7781.0,387.0,5.0,2.0,2.0,0.0,0
Cross River,10065.0,2592.0,5.0,3.0,4.0,4.0,1
Benue,6404.0,1142.0,4.0,2.0,5.0,15.0,1
Kaduna,11725.0,3005.0,3.0,4.0,3.0,20.0,2
Lagos,9037.0,2087.0,2.0,2.0,3.0,4.0,1
Lagos,9954.0,2200.0,2.0,1.0,5.0,16.0,2
Adamawa,14747.0,504.0,1.0,4.0,1.0,4.0,2
Ogun,11333.0,1147.0,1.0,1.0,2.0,6.0,2
Jigawa,8471.0,1728.0,1.0,5.0,5.0,15.0,2
Kogi,8993.0,264.0,1.0,5.0,5.0,13.0,1
Abia,1274.0,2368.0,3.0,3.0,5.0,0.0,0
Jigawa,14322.0,3058.0,4.0,1.0,2.0,3.0,1
Jigawa,3439.0,1187.0,2.0,5.0,5.0,8.0,0
Ogun,6807.0,1294.0,4.0,3.0,1.0,12.0,1
Gombe,10256.0,1196.0,2.0,1.0,3.0,20.0,2
Ondo,11647.0,3311.0,1.0,4.0,1.0,12.0,2
Ekiti,10055.0,2149.0,1.0,2.0,1.0,2.0,1
Imo,14849.0,1977.0,3.0,1.0,5.0,16.0,2
Oyo,1697.0,1141.0,2.0,4.0,5.0,8.0,0
Adamawa,2218.0,3003.0,3.0,5.0,5.0,1.0,0
Bayelsa,14933.0,1488.0,1.0,5.0,2.0,4.0,1
Nasarawa,14446.0,3119.0,4.0,3.0,1.0,5.0,1
Kano,4939.0,2521.0,4.0,3.0,5.0,12.0,1
Nasarawa,13119.0,773.0,1.0,3.0,5.0,1.0,1
Anambra,8161.0,1150.0,1.0,5.0,3.0,19.0,2
Katsina,7499.0,3368.0,3.0,3.0,1.0,14.0,2
Imo,4737.0,1657.0,5.0,4.0,4.0,5.0,0
Kogi,10598.0,2906.0,4.0,5.0,1.0,9.0,1
Niger,5037.0,3120.0,1.0,3.0,1.0,4.0,1
Ekiti,12660.0,3410.0,2.0,3.0,4.0,11.0,2
Anambra,2499.0,221.0,3.0,3.0,4.0,8.0,0
Anambra,3170.0,557.0,2.0,4.0,4.0,17.0,1
Kaduna,9395.0,1871.0,1.0,1.0,1.0,11.0,2
Kaduna,2524.0,2645.0,5.0,4.0,3.0,0.0,0
Delta,7779.0,1788.0,1.0,2.0,5.0,18.0,2
Jigawa,3778.0,3007.0,4.0,2.0,2.0,8.0,1
Delta,5397.0,2219.0,2.0,2.0,1.0,13.0,2
Cross River,7899.0,1427.0,4.0,3.0,1.0,8.0,1
Borno,12811.0,2760.0,4.0,5.0,5.0,6.0,1
Gombe,2752.0,754.0,3.0,4.0,1.0,10.0,1
Ogun,11161.0,1756.0,3.0,3.0,4.0,13.0,2
Ogun,14492.0,2866.0,5.0,3.0,2.0,10.0,2
Katsina,12391.0,1022.0,4.0,2.0,3.0,12.0,2
Ebonyi,5775.0,3210.0,4.0,2.0,5.0,10.0,1
Ekiti,5592.0,3418.0,4.0,1.0,3.0,18.0,2
Benue,10703.0,2434.0,2.0,1.0,5.0,14.0,2
Kwara,4434.0,1995.0,3.0,4.0,1.0,15.0,1
Bauchi,11376.0,1440.0,2.0,2.0,3.0,13.0,2
Niger,7176.0,502.0,4.0,4.0,5.0,18.0,2
Ekiti,9755.0,2275.0,4.0,1.0,5.0,11.0,1
Kwara,14308.0,2399.0,5.0,1.0,1.0,7.0,2
Kogi,11890.0,1654.0,2.0,1.0,5.0,18.0,2
Kebbi,12099.0,2849.0,4.0,4.0,3.0,3.0,1
Abia,2615.0,1259.0,2.0,5.0,5.0,17.0,1
Kano,12266.0,2556.0,2.0,3.0,4.0,12.0,2
Gombe,13654.0,2983.0,5.0,2.0,5.0,11.0,2
Abia,8909.0,628.0,3.0,1.0,4.0,3.0,1
Ogun,12962.0,780.0,3.0,3.0,3.0,14.0,2
Niger,4389.0,2334.0,4.0,4.0,3.0,3.0,0
Gombe,12829.0,3053.0,4.0,1.0,3.0,9.0,2
Adamawa,14274.0,3111.0,1.0,3.0,1.0,20.0,2
Anambra,12094.0,3477.0,2.0,5.0,2.0,5.0,1
Kaduna,3623.0,1555.0,5.0,4.0,4.0,7.0,0
Niger,7636.0,2779.0,2.0,4.0,2.0,12.0,1
Abia,13081.0,2715.0,2.0,5.0,4.0,13.0,2
Ekiti,1072.0,3086.0,2.0,3.0,2.0,2.0,0
Kano,2667.0,3474.0,5.0,3.0,2.0,10.0,1
Benue,8496.0,666.0,3.0,5.0,4.0,20.0,2
Ebonyi,10780.0,1791.0,5.0,5.0,4.0,3.0,0
Edo,6766.0,2075.0,5.0,3.0,2.0,19.0,2
Kano,2388.0,2952.0,2.0,1.0,3.0,7.0,1
Delta,2916.0,949.0,3.0,5.0,2.0,12.0,1
Enugu,10771.0,764.0,5.0,4.0,4.0,5.0,1
Imo,11412.0,2401.0,2.0,2.0,5.0,15.0,2
Delta,3298.0,966.0,3.0,5.0,4.0,1.0,0
Ondo,6882.0,239.0,4.0,2.0,2.0,12.0,1
Kaduna,9281.0,2874.0,4.0,4.0,4.0,13.0,1
Kwara,14760.0,2018.0,4.0,1.0,2.0,18.0,2
Abia,14039.0,3317.0,2.0,1.0,3.0,8.0,2
Borno,9808.0,1382.0,2.0,5.0,4.0,15.0,2
Kaduna,9369.0,663.0,5.0,3.0,1.0,17.0,2
Ogun,7010.0,2420.0,1.0,5.0,4.0,6.0,1
Enugu,2677.0,3214.0,2.0,1.0,3.0,14.0,1
Cross River,6711.0,556.0,4.0,2.0,1.0,6.0,1
Niger,13085.0,2608.0,3.0,4.0,5.0,5.0,1
Katsina,3281.0,3414.0,2.0,1.0,2.0,18.0,2
Edo,9720.0,1351.0,5.0,2.0,5.0,10.0,1
Kwara,5794.0,1385.0,5.0,5.0,3.0,3.0,0
Bauchi,13289.0,3418.0,4.0,3.0,1.0,20.0,2
Bauchi,12492.0,743.0,2.0,3.0,2.0,7.0,2
Nasarawa,14820.0,2969.0,4.0,2.0,4.0,18.0,2
Kebbi,5402.0,2771.0,4.0,4.0,4.0,2.0,0
Kebbi,14018.0,3349.0,1.0,5.0,4.0,8.0,2
Kwara,7046.0,2062.0,4.0,5.0,3.0,0.0,0
Ondo,13683.0,3201.0,1.0,3.0,4.0,2.0,1
Niger,9756.0,1829.0,2.0,2.0,4.0,15.0,2
Cross River,6289.0,1361.0,3.0,5.0,5.0,4.0,0
Kano,14966.0,2187.0,3.0,1.0,1.0,3.0,2
Kebbi,13843.0,2082.0,1.0,2.0,1.0,14.0,2
Gombe,1011.0,1952.0,2.0,3.0,2.0,5.0,0
Ondo,5489.0,582.0,3.0,1.0,3.0,11.0,1
Kogi,11631.0,877.0,1.0,3.0,4.0,7.0,1
Enugu,11739.0,573.0,1.0,2.0,1.0,15.0,2
Akwa Ibom,3174.0,2631.0,2.0,4.0,5.0,0.0,0
Abia,12396.0,1607.0,1.0,2.0,4.0,15.0,2
Akwa Ibom,4751.0,1769.0,1.0,1.0,1.0,10.0,1
Edo,5902.0,761.0,4.0,2.0,2.0,2.0,0
Jigawa,10228.0,234.0,5.0,4.0,2.0,11.0,1
Lagos,4490.0,2772.0,2.0,5.0,4.0,14.0,1
Ondo,4559.0,555.0,1.0,1.0,2.0,18.0,2
Lagos,7291.0,1639.0,4.0,2.0,3.0,7.0,1
Cross River,11561.0,545.0,2.0,5.0,5.0,19.0,2
Lagos,10954.0,1367.0,1.0,2.0,3.0,16.0,2
Katsina,9348.0,972.0,4.0,1.0,3.0,7.0,1
Imo,7322.0,661.0,2.0,5.0,4.0,2.0,0
Jigawa,1197.0,1679.0,3.0,4.0,2.0,18.0,1
Enugu,6986.0,2437.0,2.0,1.0,4.0,0.0,0
Kano,2106.0,256.0,3.0,1.0,2.0,1.0,0
Niger,7520.0,2275.0,3.0,4.0,5.0,13.0,1
Kwara,7590.0,537.0,5.0,5.0,5.0,4.0,0
Cross River,2369.0,1469.0,1.0,2.0,5.0,4.0,0
Kaduna,6353.0,1800.0,5.0,3.0,1.0,13.0,1
Lagos,14868.0,1177.0,1.0,1.0,2.0,13.0,2
Anambra,8428.0,2707.0,5.0,3.0,1.0,5.0,1
Anambra,1207.0,3099.0,2.0,2.0,1.0,15.0,1
Edo,9568.0,2318.0,3.0,3.0,2.0,4.0,1
Lagos,13797.0,1300.0,1.0,3.0,1.0,13.0,2
Cross River,9582.0,461.0,3.0,1.0,5.0,15.0,2
Gombe,9368.0,1675.0,1.0,5.0,4.0,5.0,1
Edo,3577.0,1244.0,1.0,1.0,5.0,7.0,1
Lagos,9336.0,210.0,1.0,2.0,1.0,1.0,1
Imo,6963.0,1768.0,2.0,1.0,2.0,17.0,2
Niger,12698.0,3233.0,4.0,3.0,2.0,7.0,1
Enugu,12801.0,1510.0,3.0,5.0,1.0,11.0,2
Anambra,9225.0,2957.0,1.0,2.0,2.0,16.0,2
Adamawa,7568.0,482.0,4.0,3.0,3.0,10.0,1
Akwa Ibom,10061.0,2070.0,1.0,2.0,3.0,9.0,2
Kano,13853.0,1444.0,5.0,4.0,2.0,11.0,2
Kano,9083.0,3364.0,2.0,2.0,5.0,4.0,1
Abia,7718.0,297.0,2.0,3.0,5.0,20.0,2
Ogun,12361.0,239.0,3.0,4.0,1.0,9.0,2
Anambra,4361.0,2370.0,2.0,4.0,4.0,1.0,0
Bauchi,12659.0,1346.0,1.0,2.0,1.0,16.0,2
Enugu,12482.0,1725.0,4.0,5.0,1.0,3.0,1
Jigawa,3187.0,2810.0,4.0,5.0,1.0,18.0,1
Adamawa,8126.0,2913.0,2.0,3.0,2.0,8.0,1
Ondo,6161.0,3480.0,4.0,3.0,3.0,14.0,1
Cross River,4827.0,505.0,2.0,5.0,2.0,3.0,0
Bauchi,2731.0,873.0,4.0,3.0,4.0,13.0,1
Anambra,9780.0,1667.0,2.0,3.0,4.0,14.0,2
Cross River,14967.0,691.0,1.0,3.0,2.0,19.0,2
Adamawa,4522.0,1542.0,2.0,2.0,1.0,11.0,1
Ekiti,9412.0,400.0,3.0,2.0,3.0,0.0,0
Ekiti,8408.0,2477.0,5.0,1.0,2.0,14.0,2
Anambra,14171.0,3451.0,2.0,1.0,1.0,1.0,1
Ogun,13795.0,1110.0,2.0,4.0,2.0,11.0,2
Kogi,11326.0,2840.0,1.0,5.0,5.0,8.0,1
Oyo,14316.0,507.0,1.0,2.0,1.0,20.0,2
Gombe,14259.0,727.0,1.0,1.0,3.0,1.0,1
Gombe,1829.0,888.0,5.0,4.0,4.0,15.0,1
Abia,7270.0,2998.0,4.0,3.0,2.0,6.0,1
Oyo,4066.0,1326.0,3.0,2.0,4.0,1.0,0
Katsina,11144.0,2727.0,2.0,4.0,3.0,13.0,2
Osun,10022.0,2162.0,1.0,3.0,1.0,12.0,2
Bauchi,7868.0,1016.0,5.0,5.0,2.0,0.0,0
Ekiti,13810.0,3121.0,3.0,5.0,4.0,15.0,2
Edo,10267.0,2257.0,3.0,3.0,4.0,5.0,1
Abia,6224.0,2645.0,2.0,3.0,1.0,1.0,0
Niger,8728.0,2368.0,3.0,2.0,5.0,5.0,1
Anambra,5060.0,2890.0,2.0,5.0,3.0,1.0,0
Nasarawa,4594.0,2558.0,4.0,2.0,3.0,5.0,0
Borno,10707.0,1502.0,3.0,1.0,5.0,11.0,2
Kano,10234.0,782.0,5.0,4.0,2.0,17.0,2
Delta,3876.0,2208.0,1.0,1.0,1.0,7.0,1
Katsina,4584.0,281.0,5.0,1.0,4.0,10.0,1
Oyo,11061.0,1025.0,2.0,2.0,3.0,10.0,2
Adamawa,1359.0,805.0,5.0,1.0,2.0,16.0,1
Ondo,6978.0,497.0,3.0,5.0,4.0,3.0,0
Ebonyi,5944.0,1521.0,2.0,4.0,2.0,20.0,2
Imo,11636.0,1499.0,2.0,5.0,5.0,11.0,1
Borno,11904.0,2612.0,2.0,3.0,4.0,9.0,1
Bauchi,3911.0,3185.0,1.0,4.0,5.0,18.0,1
Adamawa,3983.0,2667.0,3.0,2.0,5.0,20.0,2
Kano,2705.0,2232.0,2.0,1.0,3.0,7.0,1
Edo,6234.0,887.0,1.0,4.0,3.0,0.0,0
Cross River,4435.0,1222.0,1.0,3.0,3.0,3.0,0
Lagos,1020.0,397.0,4.0,4.0,4.0,5.0,0
Osun,7783.0,2219.0,4.0,5.0,3.0,12.0,1
Anambra,14579.0,2163.0,5.0,2.0,2.0,14.0,2
Akwa Ibom,14094.0,336.0,3.0,3.0,1.0,8.0,2
Anambra,2215.0,1600.0,2.0,2.0,4.0,2.0,0
Kaduna,2525.0,1584.0,5.0,4.0,5.0,0.0,0
Enugu,11709.0,875.0,5.0,2.0,4.0,1.0,0
Anambra,6424.0,1041.0,2.0,5.0,4.0,17.0,2
Cross River,11823.0,1353.0,3.0,1.0,2.0,1.0,1
Ekiti,10367.0,2451.0,4.0,1.0,2.0,11.0,2
Abia,8005.0,558.0,3.0,4.0,5.0,6.0,1
Anambra,1421.0,1047.0,2.0,1.0,3.0,15.0,1
Ondo,2892.0,1463.0,4.0,4.0,4.0,8.0,0
Akwa Ibom,11516.0,2428.0,4.0,3.0,2.0,12.0,2
Edo,4056.0,2025.0,1.0,4.0,3.0,14.0,1
Cross River,4706.0,1300.0,5.0,2.0,1.0,3.0,0
Akwa Ibom,11946.0,1608.0,5.0,5.0,4.0,7.0,1
Kaduna,1999.0,1785.0,5.0,5.0,4.0,15.0,1
Kano,4860.0,2150.0,3.0,4.0,1.0,1.0,0
Jigawa,10358.0,2316.0,5.0,2.0,5.0,3.0,0
Nasarawa,8357.0,908.0,2.0,2.0,2.0,4.0,1
Adamawa,7936.0,520.0,4.0,2.0,2.0,19.0,2
Cross River,6238.0,3178.0,1.0,4.0,1.0,17.0,2
Ekiti,10044.0,1535.0,3.0,4.0,5.0,0.0,0
Niger,12475.0,2752.0,5.0,4.0,5.0,3.0,0
Enugu,3451.0,807.0,5.0,5.0,5.0,3.0,0
Oyo,2730.0,2504.0,1.0,5.0,3.0,11.0,1
Osun,7732.0,1281.0,4.0,5.0,4.0,19.0,2
Imo,1613.0,905.0,3.0,2.0,4.0,19.0,1
Katsina,12154.0,3041.0,4.0,4.0,1.0,10.0,2
Kwara,4892.0,401.0,4.0,3.0,3.0,0.0,0
Ebonyi,14392.0,3450.0,3.0,3.0,3.0,15.0,2
Ondo,12406.0,3005.0,1.0,2.0,2.0,9.0,2
Lagos,8259.0,3370.0,3.0,4.0,3.0,19.0,2
Kebbi,2462.0,969.0,4.0,4.0,2.0,15.0,1
Nasarawa,9462.0,1731.0,1.0,2.0,5.0,2.0,1
Delta,12625.0,2275.0,4.0,5.0,2.0,18.0,2
Abia,3846.0,989.0,2.0,2.0,1.0,1.0,0
Gombe,1828.0,1676.0,2.0,3.0,3.0,14.0,1
Jigawa,7503.0,2802.0,1.0,2.0,1.0,11.0,2
Imo,10732.0,2027.0,2.0,5.0,4.0,17.0,2
Edo,6640.0,869.0,3.0,3.0,1.0,0.0,0
Ekiti,1813.0,867.0,5.0,2.0,2.0,20.0,2
Borno,12103.0,1046.0,3.0,5.0,4.0,0.0,0
Ondo,13784.0,3343.0,1.0,2.0,4.0,20.0,2
Bayelsa,10849.0,3480.0,1.0,3.0,2.0,19.0,2
Niger,6004.0,3119.0,3.0,4.0,4.0,11.0,1
Gombe,5128.0,1093.0,4.0,5.0,3.0,19.0,2
Ekiti,10576.0,619.0,1.0,3.0,5.0,17.0,2
Kebbi,10728.0,2694.0,3.0,1.0,3.0,15.0,2
Akwa Ibom,6509.0,1332.0,3.0,3.0,3.0,20.0,2
Kwara,11673.0,1423.0,2.0,5.0,2.0,7.0,1
Osun,1930.0,3499.0,5.0,3.0,4.0,4.0,0
Lagos,1417.0,2884.0,4.0,3.0,3.0,13.0,1
Ekiti,7361.0,3217.0,1.0,5.0,5.0,6.0,1
Ebonyi,12903.0,3121.0,2.0,4.0,5.0,11.0,2
Jigawa,5918.0,896.0,5.0,3.0,2.0,3.0,0
Imo,3096.0,3234.0,3.0,2.0,5.0,10.0,1
Kebbi,2463.0,1110.0,3.0,3.0,2.0,13.0,1
Niger,6428.0,1722.0,3.0,3.0,5.0,14.0,1
Ondo,2929.0,2127.0,1.0,5.0,5.0,19.0,1
Akwa Ibom,8736.0,996.0,5.0,4.0,1.0,16.0,2
Delta,7768.0,421.0,2.0,2.0,2.0,10.0,1
Enugu,10329.0,2074.0,2.0,2.0,3.0,2.0,1
Imo,6449.0,2784.0,2.0,1.0,3.0,0.0,0
Gombe,5481.0,1057.0,2.0,2.0,5.0,15.0,1
Niger,13510.0,3393.0,1.0,5.0,2.0,13.0,2
Kebbi,8035.0,1852.0,4.0,4.0,4.0,0.0,0
Adamawa,9745.0,1016.0,3.0,3.0,1.0,16.0,2
Benue,1293.0,2971.0,1.0,2.0,2.0,11.0,1
Delta,3112.0,620.0,4.0,5.0,5.0,9.0,0
Bayelsa,2069.0,387.0,3.0,4.0,3.0,16.0,1
Katsina,9587.0,1583.0,4.0,3.0,2.0,15.0,2
Edo,13289.0,971.0,2.0,1.0,4.0,7.0,2
Borno,12913.0,737.0,2.0,5.0,1.0,16.0,2
Bayelsa,3017.0,1701.0,1.0,3.0,4.0,17.0,2
Katsina,1796.0,2632.0,1.0,1.0,1.0,1.0,0
Kwara,2897.0,1907.0,4.0,1.0,4.0,17.0,1
Cross River,8772.0,3074.0,2.0,1.0,2.0,9.0,2
Enugu,11840.0,613.0,5.0,5.0,3.0,19.0,2
Kwara,3247.0,1915.0,1.0,5.0,5.0,3.0,0
Delta,2867.0,3414.0,1.0,2.0,4.0,19.0,2
Benue,13746.0,1277.0,5.0,3.0,2.0,13.0,2
Delta,3627.0,361.0,5.0,2.0,4.0,15.0,1
Ebonyi,4842.0,211.0,1.0,1.0,1.0,18.0,2
Kogi,9095.0,810.0,1.0,1.0,5.0,3.0,1
Osun,5192.0,2839.0,2.0,3.0,4.0,8.0,1
Gombe,1820.0,608.0,2.0,3.0,1.0,11.0,1
Niger,12088.0,1480.0,4.0,1.0,1.0,1.0,1
Abia,14959.0,766.0,2.0,3.0,3.0,14.0,2
Katsina,5395.0,3202.0,1.0,3.0,3.0,5.0,1
Anambra,7566.0,1839.0,4.0,4.0,3.0,15.0,1
Niger,7909.0,2857.0,2.0,2.0,1.0,1.0,1
Ondo,3611.0,624.0,4.0,4.0,5.0,18.0,1
Kogi,8178.0,942.0,5.0,3.0,4.0,19.0,2
Abia,12214.0,3178.0,2.0,4.0,4.0,3.0,1
Osun,7738.0,2005.0,1.0,3.0,1.0,20.0,2
Ebonyi,1202.0,3085.0,5.0,5.0,5.0,7.0,0
Kogi,6542.0,2326.0,5.0,1.0,5.0,13.0,1
Kogi,12905.0,1218.0,4.0,4.0,3.0,4.0,1
Ogun,14540.0,2486.0,5.0,1.0,1.0,20.0,2
Oyo,3571.0,2270.0,4.0,2.0,4.0,2.0,0
Nasarawa,9055.0,1513.0,2.0,3.0,3.0,1.0,1
Jigawa,4648.0,2454.0,4.0,2.0,4.0,2.0,0
Gombe,8277.0,3481.0,5.0,1.0,4.0,15.0,2
Gombe,6178.0,686.0,4.0,1.0,1.0,12.0,2
Enugu,1587.0,2482.0,5.0,1.0,1.0,19.0,2
Katsina,11445.0,1447.0,5.0,2.0,5.0,20.0,2
Kogi,8474.0,1596.0,3.0,2.0,1.0,14.0,2
Ebonyi,10177.0,3343.0,5.0,4.0,5.0,11.0,1
Kwara,8414.0,667.0,1.0,1.0,2.0,10.0,2
Edo,14596.0,2795.0,3.0,5.0,5.0,11.0,2
Kwara,2741.0,387.0,2.0,2.0,4.0,13.0,1
Anambra,5166.0,2702.0,2.0,1.0,2.0,12.0,2
Benue,8488.0,3400.0,2.0,1.0,3.0,13.0,2
Adamawa,11375.0,2953.0,5.0,4.0,1.0,14.0,2
Kogi,10655.0,2265.0,2.0,1.0,4.0,16.0,2
Lagos,1795.0,2466.0,4.0,4.0,5.0,16.0,1
Nasarawa,3903.0,3033.0,5.0,2.0,2.0,3.0,0
Ekiti,11772.0,2659.0,5.0,5.0,3.0,12.0,1
Enugu,10977.0,3036.0,2.0,4.0,3.0,10.0,1
Delta,8419.0,3496.0,2.0,4.0,2.0,19.0,2
Kwara,13262.0,2298.0,3.0,3.0,5.0,17.0,2
Kebbi,4560.0,1022.0,2.0,3.0,5.0,11.0,1
Oyo,12016.0,743.0,2.0,5.0,5.0,20.0,2
Ebonyi,12638.0,672.0,3.0,4.0,5.0,18.0,2
Kano,11930.0,3108.0,4.0,3.0,5.0,13.0,2
Niger,1209.0,2341.0,1.0,4.0,1.0,4.0,0
Adamawa,11981.0,431.0,2.0,2.0,3.0,9.0,2
Kogi,5105.0,799.0,1.0,2.0,3.0,17.0,2
Adamawa,6876.0,2053.0,1.0,5.0,5.0,7.0,1
Lagos,11602.0,2498.0,4.0,5.0,2.0,9.0,1
Kwara,11887.0,392.0,4.0,4.0,4.0,10.0,1
Kaduna,1881.0,253.0,3.0,5.0,2.0,14.0,1
Ogun,4695.0,2795.0,3.0,5.0,5.0,19.0,1
Benue,13716.0,3169.0,2.0,4.0,3.0,5.0,1
Kogi,2220.0,965.0,2.0,1.0,5.0,12.0,1
Adamawa,8020.0,1343.0,5.0,2.0,3.0,5.0,1
Kano,14861.0,1244.0,1.0,4.0,3.0,4.0,1
Adamawa,3518.0,1521.0,5.0,5.0,1.0,9.0,0
Imo,13941.0,2545.0,5.0,1.0,3.0,10.0,2
Jigawa,4603.0,953.0,5.0,5.0,1.0,5.0,0
Enugu,9897.0,2399.0,4.0,3.0,1.0,7.0,1
Osun,4495.0,2917.0,3.0,3.0,3.0,9.0,1
Benue,13331.0,2732.0,5.0,5.0,4.0,20.0,2
Abia,2879.0,2939.0,3.0,2.0,4.0,20.0,2
Katsina,11176.0,1198.0,1.0,4.0,3.0,3.0,1
Ekiti,5203.0,2412.0,3.0,5.0,1.0,11.0,1
Jigawa,14153.0,2283.0,4.0,1.0,4.0,9.0,2
Osun,11674.0,988.0,3.0,1.0,5.0,3.0,1
Bayelsa,13670.0,2403.0,5.0,1.0,1.0,6.0,2
Kogi,11313.0,3368.0,2.0,1.0,4.0,6.0,1
Kaduna,14578.0,3078.0,4.0,2.0,1.0,0.0,1
Gombe,12745.0,1558.0,1.0,1.0,1.0,1.0,1
Bayelsa,14012.0,1231.0,5.0,5.0,1.0,7.0,1
Oyo,5237.0,1869.0,4.0,4.0,4.0,13.0,1
Ebonyi,1276.0,1795.0,1.0,1.0,5.0,20.0,2
Lagos,11131.0,459.0,5.0,1.0,1.0,11.0,2
Oyo,9238.0,634.0,3.0,5.0,3.0,2.0,0
Delta,13538.0,1992.0,4.0,1.0,4.0,15.0,2
Bayelsa,9740.0,1100.0,2.0,5.0,4.0,9.0,1
Kebbi,3360.0,1420.0,3.0,5.0,1.0,17.0,1
Bauchi,3019.0,371.0,1.0,5.0,5.0,12.0,1
Kaduna,9970.0,548.0,3.0,3.0,2.0,6.0,1
Enugu,11582.0,2299.0,2.0,2.0,2.0,7.0,2
Katsina,14676.0,1235.0,2.0,2.0,1.0,18.0,2
Ondo,1891.0,3276.0,5.0,5.0,4.0,2.0,0
Delta,12004.0,475.0,3.0,2.0,1.0,18.0,2
Imo,6420.0,1662.0,2.0,1.0,2.0,9.0,1
Katsina,2143.0,992.0,3.0,4.0,4.0,10.0,0
Katsina,11803.0,1452.0,5.0,5.0,2.0,18.0,2
Edo,14233.0,1495.0,4.0,1.0,2.0,10.0,2
Borno,13872.0,1107.0,4.0,3.0,3.0,4.0,1
Kogi,13009.0,1558.0,4.0,4.0,4.0,11.0,2
Nasarawa,6004.0,2194.0,5.0,2.0,1.0,20.0,2
Katsina,2343.0,1349.0,2.0,2.0,5.0,8.0,0
Lagos,11266.0,513.0,1.0,5.0,1.0,20.0,2
Abia,14314.0,2583.0,5.0,5.0,4.0,6.0,1
Oyo,1600.0,2459.0,3.0,5.0,5.0,15.0,1
Kebbi,13700.0,808.0,3.0,2.0,4.0,18.0,2
Lagos,5767.0,748.0,4.0,5.0,5.0,2.0,0
Ekiti,6961.0,2256.0,1.0,5.0,2.0,5.0,1
Nasarawa,9423.0,774.0,4.0,2.0,2.0,18.0,2
Kano,11803.0,798.0,4.0,1.0,3.0,7.0,1
Nasarawa,8989.0,1149.0,1.0,3.0,3.0,7.0,1
Adamawa,11954.0,1046.0,5.0,4.0,3.0,15.0,2
Oyo,8448.0,390.0,1.0,1.0,3.0,16.0,2
Kebbi,14592.0,1320.0,3.0,5.0,5.0,18.0,2
Bayelsa,7171.0,2877.0,4.0,5.0,3.0,20.0,2
Osun,14688.0,518.0,5.0,4.0,3.0,7.0,1
Jigawa,7649.0,1645.0,3.0,4.0,4.0,19.0,2
Abia,9222.0,769.0,4.0,2.0,2.0,2.0,1
Jigawa,11542.0,1350.0,2.0,2.0,2.0,5.0,1
Edo,10863.0,3138.0,1.0,4.0,2.0,10.0,2
Lagos,2856.0,2172.0,4.0,2.0,4.0,18.0,1
Bayelsa,11604.0,1883.0,1.0,1.0,2.0,4.0,1
Kano,10705.0,859.0,2.0,1.0,5.0,18.0,2
Bauchi,1916.0,881.0,3.0,5.0,2.0,12.0,1
Katsina,10234.0,2811.0,1.0,1.0,3.0,6.0,1
Gombe,10937.0,2130.0,4.0,2.0,2.0,13.0,2
Katsina,3338.0,3454.0,5.0,5.0,2.0,16.0,1
Cross River,3747.0,3166.0,3.0,5.0,4.0,18.0,1
Akwa Ibom,4765.0,1749.0,4.0,1.0,2.0,0.0,0
Benue,9564.0,2265.0,4.0,5.0,2.0,3.0,0
Bayelsa,8796.0,2718.0,5.0,5.0,1.0,16.0,2
Nasarawa,2925.0,581.0,4.0,5.0,2.0,17.0,1
Ogun,1019.0,3373.0,4.0,4.0,5.0,11.0,0
Ondo,1711.0,3057.0,5.0,2.0,4.0,15.0,1
Niger,13593.0,1761.0,3.0,5.0,5.0,3.0,1
Enugu,3193.0,1242.0,4.0,1.0,2.0,9.0,1
Katsina,9908.0,1873.0,3.0,1.0,2.0,0.0,1
Kano,9561.0,682.0,5.0,4.0,1.0,20.0,2
Benue,12268.0,3494.0,3.0,3.0,4.0,3.0,1
Bauchi,7980.0,2868.0,5.0,3.0,3.0,17.0,2
Enugu,10251.0,1697.0,5.0,4.0,3.0,6.0,1
Enugu,10045.0,3410.0,5.0,2.0,4.0,11.0,1
Kaduna,10091.0,2181.0,3.0,5.0,3.0,11.0,1
Nasarawa,12558.0,1830.0,2.0,2.0,1.0,14.0,2
Niger,12457.0,862.0,1.0,5.0,2.0,12.0,2
Niger,6544.0,3480.0,5.0,1.0,5.0,5.0,0
Ekiti,11418.0,221.0,1.0,4.0,2.0,19.0,2
Enugu,2444.0,462.0,3.0,3.0,2.0,2.0,0
Katsina,1618.0,3167.0,4.0,5.0,4.0,20.0,1
Jigawa,5693.0,3114.0,5.0,2.0,1.0,20.0,2
Imo,8192.0,243.0,2.0,3.0,5.0,6.0,1
Adamawa,13844.0,2655.0,5.0,2.0,5.0,19.0,2
Bayelsa,12043.0,347.0,3.0,1.0,2.0,5.0,1
Akwa Ibom,5520.0,3393.0,4.0,4.0,3.0,12.0,1
Kano,4281.0,2320.0,1.0,1.0,1.0,17.0,2
Delta,12897.0,2490.0,5.0,3.0,3.0,8.0,1
Borno,10934.0,996.0,4.0,5.0,4.0,0.0,0
Cross River,3867.0,1867.0,5.0,5.0,1.0,2.0,0
Jigawa,5821.0,1592.0,1.0,3.0,5.0,17.0,2
Ogun,13998.0,2554.0,3.0,4.0,4.0,18.0,2
Imo,13615.0,1196.0,3.0,4.0,4.0,18.0,2
Ondo,1448.0,2174.0,1.0,1.0,3.0,12.0,1
Kebbi,13921.0,1102.0,2.0,4.0,3.0,11.0,2
Jigawa,9776.0,239.0,3.0,3.0,2.0,2.0,1
Ekiti,12037.0,3267.0,3.0,5.0,1.0,5.0,1
Imo,6142.0,1648.0,2.0,3.0,5.0,5.0,0
Lagos,12192.0,978.0,4.0,2.0,2.0,7.0,1
Ondo,5348.0,1046.0,2.0,2.0,2.0,19.0,2
Edo,3555.0,3390.0,1.0,1.0,1.0,15.0,2
Katsina,1108.0,3330.0,5.0,4.0,1.0,11.0,1
Katsina,6167.0,2216.0,5.0,4.0,3.0,5.0,0
Nasarawa,9374.0,1347.0,4.0,5.0,2.0,4.0,1
Adamawa,9613.0,3473.0,4.0,5.0,4.0,1.0,0
Jigawa,6689.0,1812.0,2.0,1.0,4.0,16.0,2
Gombe,6171.0,3023.0,1.0,2.0,1.0,12.0,2
Kano,2650.0,1532.0,3.0,3.0,5.0,5.0,0
Kaduna,5306.0,1171.0,3.0,5.0,4.0,10.0,1
Edo,4013.0,2242.0,4.0,4.0,2.0,11.0,1
Edo,14997.0,1840.0,3.0,2.0,4.0,18.0,2
Bauchi,10435.0,3009.0,2.0,3.0,1.0,7.0,1
Kaduna,8081.0,1760.0,2.0,2.0,2.0,15.0,2
Niger,1159.0,923.0,4.0,2.0,4.0,20.0,1
Jigawa,9748.0,3151.0,3.0,3.0,4.0,8.0,1
Kaduna,10303.0,395.0,4.0,2.0,1.0,1.0,1
Benue,14333.0,1241.0,4.0,4.0,1.0,10.0,2
Cross River,6914.0,1675.0,5.0,3.0,5.0,11.0,1
Abia,7746.0,696.0,3.0,2.0,5.0,18.0,2
Kano,11647.0,2858.0,5.0,3.0,2.0,11.0,2
Ebonyi,12029.0,2290.0,4.0,1.0,4.0,12.0,2
Katsina,5694.0,2099.0,2.0,3.0,2.0,13.0,1
Kebbi,11032.0,2541.0,4.0,1.0,1.0,5.0,1
Ebonyi,4739.0,1484.0,3.0,3.0,3.0,19.0,2
Kebbi,7479.0,1311.0,4.0,5.0,3.0,16.0,1
Gombe,7782.0,885.0,2.0,2.0,1.0,7.0,1
Kogi,5122.0,3246.0,1.0,2.0,2.0,12.0,2
Anambra,2565.0,461.0,4.0,1.0,5.0,0.0,0
Nasarawa,7504.0,2346.0,1.0,3.0,1.0,19.0,2
Bauchi,2381.0,2882.0,4.0,2.0,3.0,7.0,0
Lagos,5655.0,2015.0,2.0,5.0,2.0,5.0,0
Abia,1575.0,2917.0,3.0,4.0,3.0,14.0,1
Ondo,9856.0,1315.0,5.0,2.0,4.0,17.0,2
Bayelsa,10680.0,2647.0,4.0,4.0,5.0,16.0,2
Kebbi,11478.0,2386.0,3.0,4.0,3.0,17.0,2
Borno,14184.0,566.0,4.0,3.0,3.0,13.0,2
Cross River,3551.0,1443.0,1.0,5.0,1.0,4.0,0
Edo,5698.0,2121.0,5.0,4.0,1.0,15.0,1
Delta,1149.0,3337.0,4.0,5.0,3.0,7.0,0
Niger,1118.0,2445.0,3.0,4.0,2.0,17.0,1
Enugu,7467.0,1223.0,2.0,4.0,4.0,7.0,1
Cross River,2297.0,1929.0,2.0,5.0,5.0,8.0,0
Delta,11624.0,3243.0,5.0,4.0,3.0,6.0,1
Ondo,2121.0,947.0,2.0,1.0,3.0,20.0,2
Gombe,11120.0,2054.0,3.0,4.0,5.0,6.0,1
Ebonyi,1317.0,823.0,1.0,1.0,5.0,5.0,0
Anambra,5622.0,1302.0,2.0,1.0,4.0,7.0,1
Akwa Ibom,3468.0,260.0,4.0,3.0,2.0,13.0,1
Delta,13873.0,3474.0,4.0,4.0,3.0,1.0,1
Ebonyi,2314.0,3274.0,2.0,3.0,1.0,12.0,1
Akwa Ibom,9899.0,2125.0,2.0,3.0,2.0,12.0,2
Ogun,1206.0,699.0,2.0,4.0,4.0,7.0,0
Lagos,1549.0,1015.0,4.0,5.0,1.0,6.0,0
Imo,7375.0,2991.0,3.0,2.0,3.0,20.0,2
Lagos,1691.0,3250.0,5.0,1.0,5.0,8.0,0
Imo,11461.0,1423.0,2.0,1.0,3.0,6.0,1
Anambra,4866.0,2792.0,4.0,1.0,3.0,5.0,0
Niger,5523.0,2594.0,1.0,2.0,4.0,0.0,0
Adamawa,10520.0,3409.0,4.0,2.0,5.0,11.0,1
Nasarawa,2466.0,1218.0,2.0,1.0,4.0,19.0,2
Ebonyi,13444.0,2760.0,1.0,3.0,1.0,20.0,2
Bauchi,12490.0,2396.0,1.0,4.0,2.0,7.0,2
Ebonyi,10148.0,3429.0,3.0,2.0,4.0,0.0,0
Kwara,7189.0,1667.0,2.0,1.0,3.0,15.0,2
Kwara,8168.0,2489.0,3.0,4.0,5.0,6.0,1
Kano,4057.0,2426.0,3.0,4.0,3.0,8.0,1
Ondo,14620.0,2652.0,5.0,1.0,2.0,16.0,2
Bauchi,8362.0,1411.0,3.0,3.0,5.0,14.0,1
Abia,13712.0,2813.0,5.0,2.0,4.0,0.0,1
Katsina,6965.0,3378.0,5.0,3.0,2.0,2.0,0
Kogi,9830.0,1787.0,2.0,4.0,5.0,17.0,2
Bauchi,11044.0,1359.0,3.0,3.0,4.0,3.0,1
Anambra,9572.0,2898.0,1.0,2.0,1.0,5.0,1
Ondo,1512.0,1027.0,1.0,2.0,4.0,3.0,0
Adamawa,10355.0,2828.0,4.0,5.0,4.0,19.0,2
Kwara,10671.0,1248.0,1.0,2.0,3.0,19.0,2
Kwara,2161.0,253.0,2.0,1.0,4.0,14.0,1
Niger,11468.0,448.0,3.0,4.0,5.0,11.0,1
Niger,12606.0,438.0,5.0,5.0,3.0,1.0,0
Lagos,2153.0,1444.0,1.0,5.0,2.0,3.0,0
Anambra,12881.0,1146.0,5.0,2.0,4.0,6.0,1
Jigawa,11762.0,1218.0,5.0,5.0,2.0,17.0,2
Enugu,13224.0,632.0,5.0,4.0,3.0,13.0,2
Osun,2705.0,883.0,2.0,4.0,5.0,16.0,1
Ebonyi,11773.0,847.0,5.0,4.0,5.0,11.0,1
Osun,6163.0,2453.0,3.0,4.0,3.0,20.0,2
Enugu,14535.0,3173.0,3.0,2.0,5.0,18.0,2
Kaduna,4504.0,1736.0,5.0,3.0,3.0,14.0,1
Gombe,7505.0,200.0,1.0,5.0,3.0,0.0,0
Jigawa,3213.0,1436.0,1.0,2.0,3.0,6.0,1
Ondo,6159.0,288.0,3.0,5.0,5.0,17.0,1
Kano,10365.0,833.0,1.0,4.0,1.0,11.0,2
Bauchi,3267.0,1285.0,3.0,2.0,5.0,7.0,0
Cross River,14288.0,1430.0,1.0,4.0,5.0,18.0,2
Oyo,4562.0,3207.0,1.0,4.0,3.0,5.0,0
Imo,14528.0,3024.0,5.0,5.0,1.0,20.0,2
Delta,1612.0,3193.0,5.0,1.0,4.0,1.0,0
Oyo,13630.0,1569.0,3.0,4.0,4.0,3.0,1
Ondo,13622.0,1128.0,5.0,4.0,1.0,1.0,1
Delta,9591.0,368.0,3.0,5.0,5.0,4.0,0
Ebonyi,9231.0,3058.0,2.0,1.0,2.0,12.0,2
Gombe,13334.0,2637.0,5.0,1.0,5.0,7.0,1
Enugu,5747.0,3420.0,4.0,2.0,2.0,10.0,1
Akwa Ibom,8796.0,2540.0,1.0,4.0,5.0,8.0,1
Akwa Ibom,7529.0,2255.0,4.0,2.0,2.0,15.0,2
Kaduna,4245.0,2198.0,4.0,2.0,5.0,17.0,1
Katsina,13053.0,2347.0,2.0,1.0,2.0,8.0,2
Nasarawa,8046.0,1524.0,5.0,1.0,1.0,13.0,2
Enugu,6984.0,1626.0,2.0,3.0,3.0,19.0,2
Kebbi,1396.0,3352.0,3.0,3.0,2.0,19.0,2
Ogun,14153.0,2011.0,5.0,4.0,2.0,1.0,1
Oyo,14404.0,1156.0,2.0,2.0,3.0,2.0,1
Anambra,13117.0,423.0,2.0,2.0,5.0,9.0,2
Abia,6624.0,3041.0,1.0,4.0,3.0,15.0,2
Abia,6437.0,1056.0,5.0,2.0,2.0,17.0,2
Jigawa,13293.0,1259.0,5.0,5.0,4.0,4.0,1
Kwara,12448.0,2937.0,1.0,5.0,4.0,16.0,2
Adamawa,5185.0,897.0,1.0,2.0,3.0,19.0,2
Cross River,1869.0,2104.0,1.0,4.0,1.0,8.0,1
Kogi,14960.0,2903.0,3.0,1.0,1.0,9.0,2
Ondo,11639.0,1783.0,2.0,5.0,4.0,3.0,1
Osun,6168.0,2185.0,5.0,1.0,5.0,5.0,0
Benue,9202.0,2075.0,5.0,1.0,1.0,7.0,1
Oyo,9673.0,1448.0,3.0,4.0,4.0,5.0,1
Abia,6681.0,3002.0,3.0,3.0,3.0,7.0,1
Jigawa,5519.0,453.0,3.0,1.0,4.0,17.0,2
Cross River,4695.0,821.0,3.0,2.0,4.0,2.0,0
Lagos,7262.0,2332.0,5.0,4.0,2.0,7.0,1
Kano,3502.0,1946.0,3.0,3.0,5.0,14.0,1
Kaduna,3158.0,1046.0,2.0,5.0,5.0,6.0,0
Ondo,3262.0,1465.0,5.0,4.0,2.0,4.0,0
Kebbi,10254.0,847.0,3.0,5.0,1.0,17.0,2
Lagos,2939.0,954.0,3.0,1.0,2.0,10.0,1
Osun,7783.0,1884.0,3.0,3.0,4.0,4.0,0
Nasarawa,4079.0,637.0,2.0,1.0,2.0,19.0,2
Katsina,5372.0,2680.0,5.0,2.0,5.0,19.0,2
Borno,4783.0,3015.0,1.0,1.0,3.0,15.0,2
Bauchi,9230.0,2676.0,4.0,2.0,3.0,12.0,2
Imo,8763.0,763.0,2.0,2.0,2.0,1.0,1
Enugu,13526.0,261.0,3.0,2.0,4.0,6.0,1
Nasarawa,4351.0,470.0,2.0,5.0,4.0,15.0,1
Kwara,6323.0,2074.0,2.0,4.0,4.0,1.0,0
Katsina,13047.0,1758.0,3.0,5.0,4.0,18.0,2
Katsina,9784.0,2351.0,1.0,1.0,5.0,14.0,2
Gombe,14549.0,373.0,2.0,5.0,5.0,12.0,2
Lagos,1643.0,2484.0,4.0,1.0,5.0,6.0,0
Delta,8201.0,1830.0,3.0,4.0,3.0,5.0,1
Enugu,5823.0,2711.0,1.0,2.0,5.0,14.0,1
Ogun,11585.0,2050.0,1.0,1.0,5.0,5.0,1
Nasarawa,10591.0,3051.0,5.0,4.0,2.0,13.0,2
Ebonyi,8387.0,302.0,2.0,5.0,4.0,6.0,1
Osun,8449.0,569.0,3.0,2.0,3.0,3.0,1
Akwa Ibom,2870.0,3092.0,4.0,1.0,3.0,16.0,1
Kwara,7292.0,3177.0,5.0,2.0,5.0,12.0,1
Kaduna,7235.0,379.0,2.0,5.0,3.0,4.0,0
Bayelsa,3369.0,932.0,1.0,3.0,4.0,9.0,1
Lagos,13593.0,2027.0,3.0,1.0,2.0,4.0,1
Benue,1057.0,2750.0,3.0,4.0,1.0,15.0,1
Ondo,9169.0,2426.0,1.0,4.0,5.0,7.0,1
Benue,10647.0,2901.0,4.0,4.0,4.0,14.0,2
Akwa Ibom,10850.0,2658.0,1.0,5.0,2.0,8.0,1
Katsina,11299.0,2483.0,2.0,2.0,1.0,4.0,1
Adamawa,11703.0,1629.0,1.0,1.0,2.0,18.0,2
Ogun,10884.0,1422.0,3.0,1.0,1.0,3.0,1
Enugu,3920.0,860.0,3.0,5.0,5.0,18.0,1
Niger,10210.0,926.0,4.0,3.0,5.0,1.0,0
Akwa Ibom,13591.0,1425.0,3.0,4.0,3.0,2.0,1
Nasarawa,8001.0,2454.0,1.0,4.0,3.0,4.0,1
Anambra,12380.0,1324.0,3.0,4.0,5.0,16.0,2
Benue,12400.0,1056.0,5.0,1.0,1.0,18.0,2
Lagos,11305.0,2366.0,1.0,5.0,4.0,9.0,1
Enugu,10975.0,1496.0,3.0,5.0,5.0,19.0,2
Edo,3125.0,2716.0,5.0,5.0,4.0,20.0,1
Imo,9069.0,936.0,5.0,3.0,2.0,6.0,1
Abia,2936.0,298.0,4.0,2.0,1.0,19.0,2
Enugu,7783.0,386.0,3.0,5.0,3.0,20.0,2
Benue,1185.0,2823.0,2.0,3.0,3.0,2.0,0
Delta,5919.0,2275.0,5.0,1.0,3.0,3.0,0
Kogi,6460.0,1598.0,4.0,5.0,5.0,0.0,0
Ogun,3877.0,994.0,3.0,4.0,3.0,15.0,1
Niger,1582.0,2844.0,2.0,2.0,4.0,20.0,2
Gombe,9797.0,1572.0,4.0,1.0,4.0,16.0,2
Delta,10256.0,3169.0,3.0,5.0,5.0,0.0,0
Benue,10460.0,3007.0,3.0,1.0,3.0,4.0,1
Cross River,14774.0,327.0,3.0,5.0,4.0,5.0,1
Kano,10923.0,1795.0,2.0,1.0,5.0,9.0,1
Kwara,6152.0,3107.0,1.0,4.0,3.0,2.0,0
Imo,4893.0,1722.0,4.0,2.0,3.0,16.0,1
Delta,3867.0,659.0,3.0,2.0,1.0,2.0,0
Gombe,9290.0,302.0,4.0,2.0,5.0,6.0,1
Ebonyi,8921.0,3200.0,5.0,3.0,3.0,4.0,0
Nasarawa,2609.0,2314.0,2.0,1.0,2.0,14.0,1
Ekiti,12692.0,2339.0,1.0,3.0,1.0,1.0,1
Kogi,14895.0,2634.0,1.0,4.0,3.0,1.0,1
Anambra,9529.0,3338.0,3.0,5.0,1.0,9.0,1
Kebbi,4438.0,1514.0,2.0,3.0,2.0,8.0,1
Kaduna,6228.0,3365.0,4.0,3.0,1.0,4.0,1
Bayelsa,5483.0,668.0,1.0,5.0,5.0,16.0,1
Anambra,4384.0,2422.0,3.0,3.0,5.0,8.0,0
Bauchi,12540.0,3493.0,3.0,2.0,5.0,5.0,1
Akwa Ibom,6101.0,2711.0,3.0,4.0,5.0,1.0,0
Bauchi,1475.0,2128.0,1.0,4.0,1.0,1.0,0
Akwa Ibom,7987.0,1805.0,2.0,5.0,5.0,20.0,2
Ogun,12307.0,3064.0,4.0,3.0,5.0,9.0,1
Ebonyi,14392.0,1011.0,5.0,4.0,1.0,18.0,2
Bauchi,2522.0,3486.0,4.0,4.0,1.0,9.0,1
Kogi,11558.0,3109.0,4.0,2.0,4.0,7.0,1
Bauchi,11107.0,1256.0,3.0,2.0,4.0,10.0,2
Niger,6320.0,2056.0,4.0,1.0,1.0,15.0,2
Anambra,6758.0,2160.0,4.0,3.0,2.0,11.0,1
Katsina,10415.0,721.0,5.0,4.0,1.0,3.0,1
Ebonyi,10111.0,2860.0,1.0,5.0,3.0,14.0,2
Ekiti,10675.0,1893.0,2.0,2.0,5.0,17.0,2
Bayelsa,8903.0,1772.0,1.0,2.0,3.0,18.0,2
Enugu,13850.0,1983.0,5.0,5.0,3.0,7.0,1
Bayelsa,11856.0,2942.0,1.0,4.0,5.0,3.0,1
Kano,10766.0,2096.0,3.0,1.0,5.0,14.0,2
Bayelsa,6046.0,1862.0,1.0,1.0,5.0,19.0,2
Nasarawa,14432.0,1752.0,3.0,1.0,4.0,2.0,1
Benue,14386.0,769.0,5.0,2.0,1.0,4.0,1
Gombe,9704.0,1393.0,4.0,5.0,5.0,14.0,1
Benue,4369.0,2991.0,3.0,5.0,3.0,9.0,1
Oyo,8122.0,3140.0,3.0,5.0,1.0,0.0,0
Katsina,9362.0,1855.0,2.0,1.0,3.0,11.0,2
Osun,9992.0,417.0,1.0,3.0,5.0,3.0,1
Ondo,5623.0,327.0,2.0,5.0,4.0,12.0,1
Kebbi,6212.0,3115.0,4.0,4.0,4.0,13.0,1
Kaduna,4460.0,2913.0,2.0,2.0,4.0,6.0,1
Kaduna,7301.0,1675.0,4.0,3.0,2.0,4.0,1
Bauchi,1190.0,493.0,1.0,4.0,2.0,13.0,1
Bauchi,2387.0,762.0,4.0,5.0,4.0,13.0,1
Katsina,3945.0,2061.0,5.0,5.0,4.0,14.0,1
Ekiti,6821.0,1124.0,2.0,5.0,4.0,0.0,0
Kano,9161.0,3193.0,2.0,3.0,5.0,13.0,2
Oyo,9948.0,2560.0,3.0,1.0,1.0,18.0,2
Imo,12548.0,1709.0,1.0,4.0,5.0,2.0,1
Bauchi,12963.0,3195.0,5.0,4.0,3.0,16.0,2
Akwa Ibom,9574.0,2698.0,1.0,4.0,2.0,20.0,2
Lagos,11874.0,2939.0,1.0,5.0,5.0,9.0,1
Katsina,1864.0,1607.0,5.0,4.0,1.0,14.0,1
Jigawa,8687.0,2550.0,3.0,3.0,4.0,9.0,1
Delta,3744.0,344.0,5.0,5.0,3.0,8.0,0
Adamawa,11310.0,2138.0,5.0,5.0,2.0,1.0,0
Kogi,5780.0,3220.0,5.0,3.0,1.0,15.0,1
Akwa Ibom,3077.0,2270.0,1.0,3.0,3.0,4.0,0
Katsina,5603.0,1327.0,3.0,1.0,1.0,19.0,2
Bayelsa,10695.0,3226.0,2.0,3.0,4.0,5.0,1
Cross River,13820.0,3070.0,2.0,2.0,4.0,16.0,2
Ondo,1542.0,1604.0,1.0,5.0,2.0,4.0,0
Ogun,9125.0,3283.0,4.0,2.0,4.0,14.0,2
Lagos,11446.0,885.0,2.0,3.0,5.0,1.0,1
Kebbi,5331.0,3294.0,1.0,2.0,1.0,14.0,2
Ekiti,8802.0,1434.0,4.0,2.0,5.0,12.0,1
Kogi,12560.0,1797.0,4.0,2.0,3.0,16.0,2
Ondo,8122.0,248.0,3.0,4.0,4.0,10.0,1
Jigawa,12188.0,368.0,1.0,3.0,5.0,13.0,2
Katsina,11683.0,1316.0,3.0,3.0,3.0,3.0,1
Cross River,11720.0,2592.0,4.0,2.0,4.0,18.0,2
Nasarawa,4193.0,2329.0,3.0,3.0,2.0,17.0,2
Abia,12023.0,234.0,1.0,4.0,1.0,3.0,1
Jigawa,2702.0,3007.0,4.0,2.0,3.0,9.0,1
Cross River,4163.0,339.0,1.0,1.0,5.0,1.0,0
Katsina,11757.0,1088.0,5.0,1.0,1.0,2.0,1
Ondo,10907.0,732.0,4.0,2.0,5.0,3.0,1
Kwara,4018.0,1237.0,3.0,1.0,4.0,20.0,2
Gombe,5528.0,3351.0,4.0,3.0,3.0,5.0,0
Nasarawa,2212.0,1335.0,1.0,4.0,4.0,10.0,1
Adamawa,5230.0,1284.0,2.0,1.0,4.0,15.0,2
Oyo,4287.0,2699.0,4.0,4.0,2.0,3.0,0
Bauchi,9857.0,3348.0,4.0,5.0,2.0,20.0,2
Anambra,8234.0,3130.0,3.0,1.0,1.0,2.0,1
Akwa Ibom,10360.0,3180.0,3.0,1.0,4.0,15.0,2
Bauchi,11696.0,2822.0,1.0,4.0,1.0,8.0,2
Bauchi,12469.0,1550.0,4.0,1.0,5.0,16.0,2
Kwara,13631.0,2209.0,4.0,4.0,4.0,2.0,1
Kaduna,4700.0,213.0,4.0,1.0,4.0,18.0,2
Kaduna,6880.0,1565.0,3.0,1.0,4.0,20.0,2
Kebbi,2485.0,1696.0,5.0,1.0,3.0,14.0,1
Nasarawa,13558.0,1387.0,2.0,5.0,2.0,1.0,1
Ekiti,11825.0,982.0,3.0,1.0,4.0,20.0,2
Kwara,6886.0,2192.0,1.0,2.0,4.0,4.0,1
Adamawa,4163.0,303.0,5.0,4.0,2.0,12.0,1
Akwa Ibom,13988.0,2414.0,3.0,5.0,4.0,14.0,2
Abia,1606.0,1589.0,1.0,1.0,3.0,12.0,1
Anambra,4468.0,2878.0,5.0,5.0,4.0,4.0,0
Lagos,10492.0,1154.0,1.0,2.0,1.0,15.0,2
Kebbi,1312.0,2130.0,5.0,2.0,1.0,20.0,2
Bauchi,1235.0,905.0,1.0,1.0,3.0,14.0,1
Katsina,3796.0,2620.0,1.0,1.0,1.0,15.0,2
Katsina,14093.0,2721.0,2.0,2.0,1.0,13.0,2
Ebonyi,14295.0,3222.0,4.0,1.0,3.0,18.0,2
Kaduna,3250.0,1517.0,2.0,5.0,1.0,5.0,0
Ebonyi,2035.0,694.0,3.0,4.0,2.0,5.0,0
Kwara,7060.0,2466.0,2.0,2.0,4.0,18.0,2
Adamawa,3185.0,609.0,5.0,2.0,4.0,0.0,0
Osun,8978.0,530.0,1.0,2.0,1.0,2.0,1
Kwara,11678.0,2631.0,3.0,4.0,4.0,4.0,1
Benue,3344.0,2820.0,3.0,4.0,5.0,13.0,1
Borno,3859.0,2700.0,1.0,2.0,5.0,15.0,1
Katsina,2442.0,2768.0,3.0,4.0,3.0,0.0,0
Kaduna,4860.0,986.0,1.0,1.0,5.0,19.0,2
Edo,13470.0,2410.0,5.0,4.0,2.0,20.0,2
Kogi,4409.0,1332.0,1.0,1.0,2.0,4.0,1
Kogi,14824.0,2143.0,4.0,2.0,2.0,1.0,1
Adamawa,11565.0,1691.0,3.0,4.0,2.0,8.0,1
Ebonyi,11105.0,3497.0,4.0,1.0,1.0,1.0,1
Oyo,9804.0,920.0,2.0,4.0,1.0,16.0,2
Anambra,2160.0,1163.0,4.0,5.0,5.0,10.0,0
Enugu,4256.0,3260.0,3.0,1.0,2.0,10.0,1
Borno,2606.0,1171.0,4.0,4.0,2.0,7.0,0
Akwa Ibom,8716.0,2596.0,4.0,4.0,1.0,4.0,1
Benue,10984.0,2063.0,2.0,3.0,4.0,4.0,1
Gombe,12793.0,995.0,3.0,2.0,3.0,10.0,2
Bauchi,1525.0,3035.0,5.0,3.0,1.0,4.0,0
Anambra,14953.0,2106.0,4.0,2.0,4.0,10.0,2
Borno,5835.0,2672.0,2.0,2.0,5.0,18.0,2
Kaduna,4763.0,554.0,4.0,4.0,5.0,6.0,0
Kano,8757.0,2095.0,3.0,4.0,1.0,7.0,1
Borno,6362.0,1978.0,5.0,5.0,2.0,4.0,0
Oyo,10399.0,220.0,4.0,1.0,1.0,15.0,2
Lagos,13592.0,2265.0,1.0,5.0,4.0,12.0,2
Imo,14266.0,3468.0,1.0,4.0,4.0,7.0,2
Akwa Ibom,10150.0,3284.0,1.0,2.0,4.0,4.0,1
Edo,5846.0,1179.0,1.0,4.0,1.0,9.0,1
Bayelsa,12522.0,2081.0,5.0,1.0,5.0,14.0,2
Gombe,13645.0,767.0,4.0,3.0,2.0,20.0,2
Gombe,12532.0,2794.0,1.0,4.0,1.0,10.0,2
Jigawa,1535.0,1414.0,4.0,5.0,3.0,17.0,1
Kano,14016.0,1048.0,1.0,3.0,5.0,1.0,1
Jigawa,12053.0,1690.0,1.0,4.0,1.0,11.0,2
Gombe,11143.0,367.0,3.0,2.0,3.0,20.0,2
Kaduna,12548.0,474.0,5.0,2.0,2.0,10.0,2
Borno,9841.0,665.0,4.0,2.0,5.0,7.0,1
Ebonyi,6778.0,1295.0,5.0,3.0,4.0,1.0,0
Akwa Ibom,7108.0,1614.0,4.0,5.0,4.0,16.0,1
Ogun,3010.0,2125.0,5.0,3.0,5.0,14.0,1
Katsina,7031.0,3476.0,1.0,4.0,2.0,2.0,1
Akwa Ibom,7400.0,932.0,3.0,1.0,1.0,5.0,1
Cross River,2835.0,3055.0,2.0,2.0,4.0,6.0,0
Jigawa,11277.0,292.0,3.0,5.0,4.0,4.0,1
Imo,6680.0,1920.0,4.0,3.0,1.0,6.0,1
Akwa Ibom,1361.0,3484.0,2.0,3.0,5.0,13.0,1
Kano,6616.0,2885.0,3.0,5.0,4.0,16.0,1
Ogun,9986.0,2023.0,4.0,5.0,3.0,4.0,0
Osun,13932.0,1455.0,2.0,2.0,3.0,15.0,2
Edo,5720.0,3352.0,1.0,3.0,2.0,9.0,1
Gombe,3725.0,2733.0,2.0,3.0,5.0,5.0,0
Bayelsa,14751.0,3100.0,2.0,2.0,2.0,3.0,1
Adamawa,6187.0,2553.0,2.0,3.0,4.0,11.0,1
Bayelsa,4361.0,2503.0,1.0,3.0,3.0,4.0,0
Edo,8347.0,2411.0,2.0,3.0,5.0,3.0,0
Oyo,1408.0,1857.0,4.0,4.0,2.0,10.0,0
Bauchi,1070.0,3224.0,5.0,3.0,5.0,20.0,1
Kwara,5842.0,2141.0,3.0,2.0,5.0,18.0,2
Lagos,8243.0,1587.0,1.0,1.0,4.0,4.0,1
Kogi,10026.0,678.0,3.0,4.0,1.0,19.0,2
Ogun,4610.0,2026.0,3.0,3.0,1.0,1.0,0
Katsina,11507.0,999.0,5.0,2.0,5.0,8.0,1
Benue,1369.0,542.0,5.0,1.0,4.0,16.0,1
Ekiti,4185.0,2208.0,3.0,5.0,5.0,16.0,1
Adamawa,11924.0,1678.0,4.0,4.0,2.0,11.0,2
Ekiti,7108.0,249.0,3.0,3.0,3.0,9.0,1
Gombe,10191.0,558.0,2.0,4.0,4.0,14.0,2
Delta,3683.0,3500.0,4.0,2.0,4.0,18.0,1
Katsina,2410.0,788.0,2.0,4.0,3.0,16.0,1
Ebonyi,2083.0,2619.0,4.0,1.0,1.0,13.0,1
Kebbi,5478.0,1897.0,2.0,4.0,5.0,18.0,2
Nasarawa,3243.0,1016.0,2.0,3.0,4.0,17.0,1
Imo,1691.0,1436.0,5.0,4.0,3.0,17.0,1
Lagos,8593.0,1119.0,1.0,2.0,1.0,8.0,2
Delta,11494.0,2807.0,4.0,3.0,1.0,13.0,2
Bayelsa,9059.0,3017.0,2.0,1.0,1.0,8.0,2
Imo,2093.0,2653.0,3.0,4.0,5.0,18.0,1
Enugu,5225.0,2772.0,4.0,3.0,1.0,16.0,2
Lagos,10425.0,271.0,3.0,5.0,2.0,1.0,0
Bauchi,6237.0,2088.0,2.0,2.0,3.0,1.0,0
Cross River,6917.0,1918.0,3.0,3.0,1.0,9.0,1
Jigawa,11468.0,514.0,5.0,2.0,2.0,3.0,1
Katsina,13331.0,884.0,5.0,3.0,3.0,9.0,1
Cross River,12230.0,3058.0,3.0,5.0,1.0,18.0,2
Edo,14489.0,788.0,1.0,5.0,2.0,9.0,2
Edo,13759.0,2186.0,4.0,2.0,3.0,3.0,1
Benue,3532.0,2261.0,2.0,5.0,2.0,19.0,2
Kwara,14621.0,2353.0,5.0,1.0,5.0,13.0,2
Gombe,2251.0,677.0,2.0,4.0,1.0,11.0,1
Delta,12322.0,1685.0,2.0,5.0,4.0,16.0,2
Nasarawa,6604.0,905.0,3.0,1.0,1.0,7.0,1
Bauchi,12374.0,783.0,2.0,2.0,3.0,6.0,1
Bauchi,2287.0,1940.0,1.0,1.0,1.0,15.0,2
Nasarawa,8065.0,374.0,2.0,1.0,1.0,16.0,2
Kano,1971.0,2121.0,1.0,1.0,3.0,2.0,0
Delta,11937.0,242.0,1.0,5.0,1.0,6.0,1
Kano,4277.0,956.0,3.0,1.0,1.0,4.0,1
Ondo,13225.0,1336.0,5.0,3.0,3.0,5.0,1
Ondo,9202.0,3398.0,5.0,5.0,2.0,18.0,2
Akwa Ibom,2623.0,2568.0,1.0,2.0,5.0,6.0,0
Delta,3814.0,3288.0,5.0,1.0,1.0,6.0,1
Oyo,9260.0,3098.0,4.0,5.0,3.0,5.0,1
Gombe,12035.0,639.0,2.0,4.0,3.0,13.0,2
Benue,9425.0,1132.0,4.0,3.0,1.0,3.0,1
Gombe,2807.0,2328.0,2.0,3.0,4.0,9.0,1
Kaduna,12831.0,366.0,1.0,4.0,3.0,3.0,1
Ekiti,5646.0,2071.0,5.0,4.0,3.0,7.0,0
Kaduna,7672.0,1390.0,4.0,1.0,2.0,15.0,2
Kogi,7020.0,934.0,1.0,1.0,4.0,12.0,2
Gombe,9563.0,2897.0,1.0,2.0,1.0,12.0,2
Ekiti,12387.0,2618.0,1.0,1.0,2.0,11.0,2
Benue,6548.0,1020.0,5.0,1.0,4.0,7.0,1
Ogun,7958.0,3170.0,4.0,5.0,3.0,18.0,2
Cross River,13391.0,3433.0,4.0,4.0,3.0,19.0,2
Ekiti,8938.0,2294.0,3.0,4.0,2.0,3.0,1
Anambra,5107.0,2204.0,4.0,2.0,2.0,0.0,0
Anambra,13088.0,416.0,1.0,1.0,4.0,5.0,2
Ekiti,10905.0,2982.0,3.0,3.0,2.0,19.0,2
Katsina,2578.0,3313.0,1.0,4.0,5.0,14.0,1
Benue,5809.0,2911.0,4.0,5.0,4.0,8.0,0
Kaduna,6629.0,2414.0,5.0,1.0,1.0,13.0,2
Osun,2951.0,1771.0,4.0,4.0,3.0,14.0,1
Gombe,1589.0,334.0,2.0,3.0,5.0,5.0,0
Imo,8056.0,750.0,3.0,4.0,4.0,3.0,0
Kano,12059.0,2209.0,5.0,5.0,5.0,15.0,2
Imo,10211.0,840.0,5.0,4.0,1.0,8.0,1
Imo,10683.0,1747.0,5.0,3.0,3.0,10.0,1
Adamawa,1461.0,2618.0,1.0,3.0,2.0,11.0,1
Niger,13157.0,2591.0,1.0,4.0,3.0,3.0,1
Enugu,6654.0,1663.0,4.0,1.0,3.0,7.0,1
Borno,4844.0,2854.0,3.0,1.0,5.0,2.0,0
Ondo,5995.0,668.0,3.0,1.0,2.0,17.0,2
Ebonyi,1612.0,2087.0,4.0,5.0,5.0,13.0,0
Cross River,1334.0,3050.0,4.0,1.0,5.0,10.0,0
Ekiti,10344.0,1798.0,3.0,1.0,5.0,15.0,2
Anambra,12319.0,2965.0,2.0,4.0,3.0,16.0,2
Niger,13532.0,2933.0,3.0,5.0,2.0,9.0,2
Edo,8143.0,1026.0,4.0,5.0,1.0,6.0,1
Delta,5344.0,394.0,3.0,4.0,5.0,7.0,0
Katsina,13171.0,576.0,5.0,5.0,1.0,10.0,2
Cross River,2102.0,2520.0,5.0,4.0,4.0,6.0,0
Edo,14035.0,514.0,3.0,3.0,5.0,13.0,2
Kogi,9846.0,1483.0,2.0,4.0,4.0,8.0,1
Katsina,9443.0,2056.0,5.0,1.0,2.0,20.0,2
Kwara,9457.0,964.0,5.0,2.0,4.0,14.0,2
Cross River,11451.0,2382.0,5.0,5.0,4.0,20.0,2
Adamawa,9556.0,1021.0,3.0,2.0,4.0,7.0,1
Bauchi,13229.0,3007.0,3.0,4.0,4.0,10.0,2
Ondo,14602.0,463.0,2.0,3.0,4.0,9.0,2
Kebbi,3631.0,1250.0,5.0,4.0,2.0,7.0,0
Anambra,3456.0,986.0,1.0,3.0,2.0,14.0,1
Imo,10172.0,1986.0,4.0,2.0,1.0,5.0,1
Cross River,3235.0,319.0,3.0,5.0,3.0,5.0,0
Kebbi,14967.0,372.0,4.0,1.0,1.0,2.0,1
Ebonyi,10856.0,1420.0,1.0,3.0,4.0,2.0,1
Ekiti,14759.0,3166.0,2.0,1.0,2.0,18.0,2
Lagos,9196.0,694.0,5.0,5.0,5.0,8.0,1
Imo,2478.0,1175.0,5.0,3.0,1.0,10.0,1
Ogun,10573.0,3219.0,4.0,4.0,2.0,6.0,1
Bauchi,2750.0,917.0,2.0,4.0,3.0,13.0,1
Cross River,10658.0,429.0,4.0,3.0,5.0,3.0,0
Ebonyi,9941.0,1935.0,4.0,3.0,2.0,4.0,1
Edo,8786.0,3131.0,3.0,1.0,3.0,20.0,2
Osun,10925.0,342.0,1.0,3.0,2.0,17.0,2
Ekiti,6067.0,2817.0,3.0,5.0,1.0,7.0,1
Ondo,8248.0,1791.0,1.0,3.0,4.0,9.0,1
Akwa Ibom,14479.0,3299.0,2.0,2.0,3.0,5.0,2
Oyo,8190.0,2786.0,3.0,1.0,4.0,8.0,1
Ondo,2312.0,3392.0,4.0,4.0,4.0,10.0,0
Kwara,7920.0,611.0,2.0,5.0,3.0,2.0,0
Edo,7895.0,2666.0,5.0,4.0,3.0,0.0,0
Nasarawa,1853.0,2827.0,2.0,2.0,4.0,0.0,0
Ekiti,4278.0,2773.0,3.0,5.0,3.0,2.0,0
Anambra,3585.0,1222.0,5.0,5.0,2.0,13.0,1
Niger,6233.0,2049.0,4.0,3.0,2.0,5.0,1
Kogi,10716.0,1541.0,3.0,1.0,2.0,13.0,2
Edo,3980.0,1811.0,4.0,2.0,5.0,0.0,0
Abia,10150.0,2850.0,5.0,1.0,2.0,14.0,2
Benue,5289.0,3072.0,2.0,4.0,1.0,19.0,2
Enugu,10836.0,1265.0,2.0,3.0,1.0,5.0,1
Kano,2922.0,257.0,5.0,4.0,4.0,15.0,1
Anambra,4677.0,3122.0,2.0,3.0,2.0,9.0,1
Lagos,9096.0,1764.0,2.0,2.0,4.0,19.0,2
Benue,14501.0,1359.0,2.0,2.0,4.0,13.0,2
Niger,3391.0,317.0,3.0,2.0,3.0,19.0,2
Gombe,5068.0,1714.0,5.0,1.0,4.0,0.0,0
Imo,3182.0,1524.0,4.0,4.0,2.0,13.0,1
Lagos,10784.0,1249.0,1.0,5.0,1.0,1.0,1
Adamawa,6453.0,1161.0,4.0,5.0,3.0,19.0,2
Kwara,13259.0,386.0,1.0,5.0,3.0,19.0,2
Ekiti,5956.0,1816.0,3.0,5.0,2.0,1.0,0
Kano,3938.0,1266.0,2.0,4.0,5.0,10.0,1
Osun,8669.0,740.0,1.0,5.0,3.0,13.0,2
Bauchi,5266.0,678.0,3.0,2.0,1.0,15.0,2
Ondo,14677.0,1350.0,3.0,3.0,4.0,8.0,2
Katsina,14591.0,3319.0,3.0,3.0,5.0,13.0,2
Osun,3703.0,1492.0,4.0,5.0,2.0,20.0,2
Niger,8208.0,417.0,2.0,1.0,2.0,7.0,1
Bayelsa,1587.0,2126.0,3.0,4.0,2.0,13.0,1
Anambra,9108.0,367.0,4.0,5.0,3.0,15.0,2
Gombe,9077.0,660.0,2.0,3.0,1.0,2.0,1
Benue,5654.0,939.0,2.0,3.0,5.0,18.0,2
Osun,11864.0,2598.0,2.0,1.0,5.0,16.0,2
Nasarawa,10351.0,939.0,4.0,2.0,1.0,15.0,2
Kogi,2545.0,1546.0,1.0,1.0,3.0,12.0,1
Edo,10672.0,634.0,3.0,1.0,2.0,2.0,1
Gombe,14610.0,3098.0,4.0,3.0,4.0,19.0,2
Kogi,1095.0,1549.0,1.0,4.0,5.0,10.0,0
Lagos,13031.0,3464.0,5.0,2.0,2.0,1.0,1
Niger,11545.0,1358.0,3.0,1.0,1.0,17.0,2
Katsina,7248.0,579.0,4.0,2.0,3.0,7.0,1
Nasarawa,7535.0,565.0,1.0,2.0,2.0,12.0,2
Nasarawa,7592.0,1367.0,2.0,3.0,1.0,15.0,2
Niger,8083.0,3214.0,3.0,2.0,5.0,11.0,1
Kogi,2574.0,1705.0,5.0,4.0,2.0,14.0,1
Osun,7358.0,2151.0,3.0,5.0,5.0,13.0,1
Akwa Ibom,13394.0,1930.0,3.0,2.0,5.0,13.0,2
Kebbi,7979.0,580.0,1.0,3.0,5.0,14.0,2
Kogi,4673.0,2852.0,2.0,5.0,4.0,20.0,2
Kebbi,9596.0,543.0,3.0,4.0,4.0,2.0,0
Oyo,14132.0,2156.0,3.0,2.0,2.0,9.0,2
Ogun,5073.0,2342.0,4.0,5.0,3.0,1.0,0
Kaduna,2253.0,384.0,5.0,5.0,1.0,13.0,1
Enugu,2548.0,2103.0,5.0,3.0,3.0,8.0,0
Kano,2339.0,3348.0,5.0,1.0,1.0,14.0,1
Bayelsa,13880.0,946.0,4.0,1.0,1.0,13.0,2
Osun,12540.0,1419.0,3.0,4.0,5.0,14.0,2
Katsina,14235.0,1285.0,3.0,2.0,2.0,5.0,2
Akwa Ibom,13239.0,2674.0,3.0,4.0,1.0,17.0,2
Abia,1095.0,1817.0,1.0,2.0,1.0,20.0,2
Imo,8539.0,3033.0,4.0,4.0,5.0,9.0,1
Katsina,14322.0,2726.0,3.0,3.0,4.0,2.0,1
Bauchi,3213.0,256.0,2.0,1.0,1.0,6.0,1
Ondo,1439.0,1057.0,4.0,2.0,2.0,13.0,1
Ogun,11257.0,3435.0,5.0,1.0,2.0,9.0,2
Nasarawa,8592.0,806.0,4.0,1.0,4.0,3.0,1
Bayelsa,3497.0,3226.0,4.0,4.0,4.0,0.0,0
Ondo,8364.0,2597.0,2.0,3.0,2.0,18.0,2
Ogun,14661.0,1804.0,1.0,1.0,3.0,3.0,2
Kebbi,14887.0,3120.0,4.0,4.0,4.0,18.0,2
Katsina,12977.0,2470.0,3.0,4.0,1.0,12.0,2
Imo,9410.0,2620.0,5.0,2.0,4.0,1.0,0
Jigawa,1311.0,1928.0,5.0,5.0,3.0,2.0,0
Cross River,11621.0,1908.0,4.0,4.0,1.0,19.0,2
Kebbi,6681.0,2036.0,4.0,2.0,1.0,9.0,1
Lagos,4149.0,2122.0,3.0,2.0,4.0,16.0,1
Borno,10628.0,3005.0,3.0,4.0,5.0,4.0,1
Osun,5806.0,3161.0,4.0,3.0,4.0,15.0,1
Niger,14836.0,863.0,5.0,3.0,2.0,2.0,1
Kogi,8911.0,728.0,2.0,2.0,2.0,19.0,2
Imo,2653.0,3450.0,4.0,3.0,4.0,7.0,0
Benue,10123.0,392.0,1.0,3.0,3.0,11.0,2
Kogi,3598.0,915.0,5.0,1.0,1.0,10.0,1
Enugu,2867.0,2729.0,2.0,5.0,1.0,7.0,0
Imo,5224.0,1593.0,3.0,5.0,1.0,8.0,1
Osun,3476.0,3026.0,5.0,1.0,5.0,1.0,0
Oyo,8173.0,3472.0,4.0,1.0,1.0,19.0,2
Katsina,13814.0,617.0,5.0,5.0,1.0,3.0,1
Bayelsa,11320.0,683.0,2.0,2.0,3.0,9.0,2
Kwara,8233.0,3321.0,5.0,1.0,4.0,4.0,1
Kebbi,6959.0,1570.0,2.0,2.0,1.0,14.0,2
Enugu,13602.0,3349.0,1.0,4.0,2.0,10.0,2
Delta,9274.0,901.0,1.0,3.0,3.0,13.0,2
Edo,11312.0,2923.0,2.0,5.0,2.0,13.0,2
Niger,4738.0,765.0,4.0,4.0,4.0,14.0,1
Ondo,9456.0,3454.0,3.0,4.0,1.0,4.0,1
Nasarawa,1162.0,3139.0,5.0,1.0,1.0,10.0,1
Ebonyi,7580.0,3363.0,2.0,1.0,4.0,12.0,2
Nasarawa,1607.0,2904.0,2.0,1.0,5.0,20.0,2
Kwara,14091.0,2904.0,5.0,4.0,3.0,12.0,2
Osun,12155.0,3070.0,5.0,3.0,3.0,11.0,2
Abia,14549.0,1345.0,5.0,2.0,5.0,12.0,2
Gombe,11549.0,1040.0,5.0,5.0,5.0,20.0,2
Gombe,12427.0,1614.0,4.0,3.0,2.0,2.0,1
Adamawa,9805.0,1570.0,4.0,5.0,2.0,17.0,2
Delta,4501.0,580.0,5.0,3.0,5.0,16.0,1
Ebonyi,13403.0,2803.0,2.0,1.0,1.0,17.0,2
Kano,5238.0,1188.0,3.0,5.0,4.0,3.0,0
Lagos,1982.0,1727.0,3.0,3.0,5.0,3.0,0
Adamawa,13395.0,2866.0,1.0,3.0,4.0,18.0,2
Lagos,1085.0,2056.0,3.0,5.0,2.0,18.0,1
Kwara,11284.0,2925.0,5.0,2.0,5.0,11.0,1
Delta,5661.0,2931.0,5.0,4.0,2.0,16.0,1
Lagos,5057.0,631.0,3.0,5.0,5.0,6.0,0
Ogun,13755.0,1679.0,4.0,2.0,1.0,13.0,2
Ogun,7751.0,535.0,1.0,4.0,1.0,4.0,1
Imo,4519.0,2027.0,1.0,5.0,3.0,12.0,1
Kano,10158.0,2325.0,4.0,5.0,3.0,15.0,2
Kebbi,7937.0,2002.0,4.0,2.0,4.0,4.0,0
Jigawa,3082.0,2185.0,4.0,5.0,2.0,16.0,1
Anambra,12378.0,1070.0,4.0,1.0,4.0,5.0,1
Kaduna,7051.0,686.0,5.0,1.0,4.0,3.0,0
Edo,10367.0,1386.0,1.0,2.0,5.0,3.0,1
Edo,5995.0,1733.0,3.0,4.0,3.0,0.0,0
Niger,3340.0,782.0,5.0,1.0,4.0,9.0,1
Osun,5644.0,1083.0,2.0,1.0,4.0,3.0,0
Kaduna,6712.0,476.0,1.0,4.0,4.0,18.0,2
Delta,10269.0,2052.0,3.0,4.0,4.0,19.0,2
Bauchi,13483.0,767.0,5.0,4.0,4.0,14.0,2
Bauchi,12925.0,1532.0,1.0,5.0,5.0,13.0,2
Ekiti,4814.0,1819.0,3.0,1.0,5.0,14.0,1
Lagos,5544.0,2845.0,1.0,1.0,2.0,18.0,2
Kebbi,14044.0,3360.0,3.0,1.0,5.0,20.0,2
Kaduna,2395.0,988.0,5.0,5.0,5.0,1.0,0
Kano,9548.0,975.0,4.0,1.0,5.0,3.0,1
Kogi,9713.0,936.0,1.0,2.0,3.0,7.0,1
Ogun,12560.0,2573.0,4.0,5.0,1.0,19.0,2
Ebonyi,7583.0,2612.0,1.0,1.0,4.0,10.0,1
Enugu,3957.0,1899.0,1.0,3.0,5.0,12.0,1
Cross River,2491.0,669.0,1.0,2.0,5.0,9.0,1
Bauchi,3992.0,1246.0,1.0,3.0,2.0,13.0,1
Kogi,3772.0,441.0,5.0,2.0,3.0,0.0,0
Kwara,1958.0,1420.0,4.0,3.0,1.0,4.0,0
Enugu,6311.0,1256.0,4.0,1.0,1.0,6.0,1
Borno,13322.0,2645.0,5.0,4.0,2.0,16.0,2
Nasarawa,9264.0,1777.0,1.0,1.0,3.0,10.0,2
Gombe,10062.0,1867.0,1.0,1.0,4.0,13.0,2
Kebbi,4829.0,276.0,3.0,5.0,5.0,3.0,0
Borno,13500.0,2472.0,2.0,5.0,3.0,13.0,2
Gombe,2374.0,2804.0,5.0,2.0,2.0,11.0,1
Kaduna,3755.0,3403.0,2.0,4.0,5.0,17.0,1
Gombe,1684.0,204.0,4.0,3.0,5.0,20.0,1
Bayelsa,1008.0,446.0,4.0,5.0,3.0,8.0,0
Ogun,12141.0,1757.0,3.0,5.0,2.0,16.0,2
Delta,1745.0,861.0,5.0,1.0,5.0,9.0,0
Akwa Ibom,7476.0,3060.0,1.0,5.0,2.0,8.0,1
Osun,8077.0,1063.0,5.0,3.0,5.0,10.0,1
Kebbi,5282.0,3283.0,4.0,2.0,3.0,10.0,1
Ebonyi,4450.0,2083.0,5.0,1.0,3.0,4.0,0
Kebbi,1033.0,2693.0,4.0,1.0,1.0,5.0,0
Enugu,10106.0,3052.0,4.0,5.0,4.0,2.0,0
Niger,11634.0,2867.0,1.0,1.0,5.0,14.0,2
Kogi,3022.0,1645.0,4.0,3.0,5.0,12.0,1
Bayelsa,14748.0,3345.0,1.0,4.0,1.0,11.0,2
Oyo,4161.0,2020.0,1.0,1.0,2.0,8.0,1
Kogi,12619.0,1665.0,2.0,5.0,1.0,20.0,2
Delta,14245.0,3140.0,2.0,4.0,2.0,11.0,2
Adamawa,5599.0,2218.0,5.0,1.0,2.0,6.0,1
Ogun,11460.0,1822.0,1.0,5.0,3.0,16.0,2
Imo,3793.0,2460.0,2.0,5.0,5.0,18.0,1
Bayelsa,2070.0,2609.0,2.0,2.0,1.0,8.0,1
Oyo,10337.0,1133.0,5.0,2.0,3.0,0.0,0
Kwara,12104.0,2382.0,5.0,5.0,3.0,14.0,2
Abia,7997.0,2825.0,1.0,4.0,3.0,13.0,2
Cross River,2994.0,2985.0,5.0,4.0,4.0,11.0,0
Jigawa,13435.0,378.0,2.0,3.0,1.0,13.0,2
Kaduna,8354.0,1495.0,1.0,2.0,4.0,10.0,1
Akwa Ibom,10368.0,303.0,2.0,1.0,4.0,7.0,1
Benue,3694.0,1548.0,3.0,1.0,1.0,0.0,0
Imo,8077.0,298.0,5.0,3.0,3.0,7.0,1
Anambra,8759.0,1176.0,3.0,3.0,1.0,16.0,2
Niger,4878.0,498.0,5.0,4.0,5.0,3.0,0
Kebbi,8314.0,2571.0,1.0,1.0,1.0,1.0,1
Ekiti,6132.0,3040.0,1.0,1.0,2.0,14.0,2
Adamawa,5939.0,2701.0,4.0,1.0,1.0,1.0,0
Kaduna,1855.0,1407.0,4.0,1.0,4.0,19.0,1
Nasarawa,7735.0,1154.0,5.0,1.0,5.0,14.0,1
Ekiti,8605.0,3456.0,4.0,5.0,5.0,3.0,0
Ebonyi,11664.0,2967.0,1.0,5.0,4.0,10.0,1
Kano,4153.0,642.0,1.0,5.0,1.0,2.0,0
Kano,13933.0,993.0,5.0,5.0,2.0,8.0,1
Edo,7897.0,2171.0,5.0,2.0,4.0,7.0,1
Bauchi,14058.0,380.0,1.0,3.0,2.0,18.0,2
Enugu,9407.0,2869.0,3.0,5.0,3.0,17.0,2
Nasarawa,3385.0,803.0,4.0,5.0,3.0,10.0,0
Delta,7042.0,233.0,5.0,2.0,5.0,1.0,0
Borno,9308.0,2491.0,1.0,3.0,4.0,6.0,1
Benue,11494.0,1024.0,1.0,2.0,3.0,15.0,2
Kwara,12335.0,2114.0,5.0,5.0,3.0,18.0,2
Ebonyi,11094.0,1427.0,4.0,2.0,3.0,3.0,1
Gombe,13930.0,372.0,4.0,1.0,2.0,20.0,2
Borno,12357.0,1143.0,4.0,2.0,5.0,7.0,1
Imo,13035.0,3347.0,3.0,2.0,4.0,12.0,2
Bayelsa,14534.0,227.0,3.0,1.0,1.0,11.0,2
Abia,10088.0,671.0,2.0,4.0,3.0,6.0,1
Kebbi,10595.0,3335.0,3.0,1.0,1.0,6.0,1
Benue,5654.0,913.0,2.0,2.0,3.0,10.0,1
Ondo,10085.0,1207.0,2.0,1.0,2.0,5.0,1
Ogun,5289.0,614.0,1.0,4.0,2.0,20.0,2
Niger,2818.0,1586.0,2.0,4.0,3.0,7.0,0
Edo,14262.0,1725.0,2.0,5.0,5.0,13.0,2
Osun,12648.0,467.0,1.0,2.0,2.0,6.0,2
Benue,9725.0,1749.0,3.0,5.0,3.0,13.0,1
Kebbi,5006.0,389.0,5.0,2.0,5.0,17.0,1
Delta,13936.0,808.0,3.0,1.0,2.0,20.0,2
Niger,5588.0,717.0,5.0,4.0,5.0,6.0,0
Lagos,2333.0,3413.0,4.0,1.0,5.0,5.0,0
Jigawa,7358.0,3277.0,5.0,4.0,3.0,16.0,1
Gombe,3932.0,1518.0,3.0,4.0,5.0,15.0,1
Imo,5396.0,2580.0,4.0,1.0,5.0,6.0,0
Borno,4325.0,2051.0,2.0,2.0,4.0,9.0,1
Enugu,7178.0,2540.0,2.0,3.0,3.0,17.0,2
Akwa Ibom,3200.0,3278.0,1.0,4.0,3.0,16.0,1
Edo,4771.0,2591.0,1.0,5.0,4.0,19.0,2
Ebonyi,7981.0,2047.0,4.0,4.0,4.0,11.0,1
Niger,9151.0,1498.0,3.0,1.0,4.0,5.0,1
Gombe,4830.0,1287.0,1.0,1.0,3.0,9.0,1
Ogun,9220.0,2300.0,5.0,3.0,1.0,7.0,1
Anambra,2942.0,492.0,3.0,5.0,1.0,6.0,0
Ebonyi,4221.0,2965.0,3.0,3.0,3.0,8.0,1
Benue,12561.0,2674.0,2.0,3.0,5.0,0.0,1
Nasarawa,5906.0,1354.0,3.0,4.0,4.0,18.0,2
Nasarawa,11736.0,248.0,4.0,2.0,5.0,12.0,2
Borno,4717.0,3162.0,2.0,2.0,4.0,16.0,2
Kano,13877.0,2463.0,4.0,3.0,4.0,2.0,1
Ebonyi,14857.0,969.0,4.0,2.0,4.0,14.0,2
Gombe,14974.0,2487.0,1.0,2.0,3.0,18.0,2
Ondo,3102.0,1451.0,1.0,3.0,4.0,10.0,1
Borno,7867.0,1943.0,4.0,3.0,5.0,10.0,1
Kano,1380.0,2524.0,1.0,2.0,2.0,10.0,1
Kano,11319.0,3473.0,5.0,5.0,5.0,12.0,1
Ekiti,4345.0,1800.0,1.0,4.0,5.0,6.0,0
Imo,2779.0,1546.0,5.0,3.0,4.0,2.0,0
Bayelsa,2709.0,2964.0,5.0,1.0,2.0,19.0,2
Imo,1439.0,964.0,2.0,4.0,1.0,9.0,1
Benue,4818.0,1392.0,5.0,4.0,1.0,1.0,0
Edo,9495.0,245.0,2.0,4.0,3.0,12.0,2
Bayelsa,2814.0,728.0,5.0,4.0,4.0,2.0,0
Ekiti,4382.0,732.0,2.0,4.0,3.0,15.0,1
Bayelsa,10891.0,2555.0,3.0,2.0,5.0,16.0,2
Kwara,12220.0,2079.0,3.0,1.0,2.0,4.0,1
Gombe,2048.0,1835.0,5.0,5.0,2.0,10.0,0
Oyo,10326.0,2210.0,4.0,5.0,4.0,1.0,0
Lagos,2492.0,1379.0,4.0,3.0,3.0,12.0,1
Katsina,14491.0,917.0,4.0,2.0,2.0,19.0,2
Lagos,8079.0,2075.0,4.0,5.0,2.0,3.0,0
Ekiti,12446.0,378.0,2.0,3.0,2.0,20.0,2
Kaduna,5782.0,2930.0,1.0,4.0,2.0,13.0,1
Nasarawa,10057.0,696.0,3.0,1.0,1.0,16.0,2
Nasarawa,13771.0,1535.0,4.0,2.0,4.0,8.0,1
Benue,9291.0,382.0,4.0,1.0,1.0,20.0,2
Kwara,12069.0,3270.0,4.0,3.0,4.0,12.0,2
Ondo,4185.0,1824.0,1.0,3.0,1.0,3.0,1
Kwara,3236.0,1539.0,4.0,4.0,4.0,2.0,0
Akwa Ibom,9985.0,2891.0,2.0,2.0,4.0,15.0,2
Ogun,5573.0,860.0,2.0,5.0,1.0,3.0,0
Bayelsa,5819.0,708.0,5.0,2.0,4.0,2.0,0
Kogi,13510.0,245.0,3.0,4.0,2.0,11.0,2
Bayelsa,4549.0,3126.0,1.0,2.0,5.0,14.0,1
Kwara,1782.0,2800.0,5.0,4.0,1.0,9.0,0
Gombe,1858.0,2650.0,1.0,4.0,1.0,6.0,0
Oyo,5091.0,1734.0,2.0,1.0,2.0,0.0,0
Enugu,1457.0,259.0,3.0,1.0,2.0,7.0,1
Osun,2582.0,3464.0,2.0,1.0,2.0,13.0,1
Jigawa,2764.0,1539.0,3.0,2.0,5.0,19.0,1
Benue,9875.0,1818.0,4.0,2.0,1.0,6.0,1
Anambra,6842.0,1524.0,2.0,4.0,1.0,20.0,2
Ebonyi,1196.0,1794.0,2.0,2.0,4.0,2.0,0
Kogi,14354.0,1340.0,5.0,1.0,3.0,2.0,1
Osun,4580.0,1883.0,3.0,4.0,5.0,3.0,0
Kwara,9784.0,3441.0,5.0,3.0,2.0,3.0,1
Katsina,6314.0,2784.0,4.0,3.0,2.0,5.0,1
Kebbi,13479.0,3016.0,3.0,1.0,4.0,10.0,2
Abia,10970.0,2596.0,4.0,5.0,4.0,20.0,2
Lagos,4808.0,2262.0,5.0,2.0,1.0,0.0,0
Katsina,13434.0,708.0,3.0,4.0,2.0,7.0,1
Katsina,2300.0,445.0,2.0,4.0,3.0,9.0,1
Benue,3484.0,1739.0,2.0,2.0,1.0,19.0,2
Gombe,13111.0,1546.0,2.0,3.0,3.0,20.0,2
Niger,13459.0,362.0,5.0,3.0,4.0,0.0,0
Borno,14876.0,3201.0,3.0,2.0,3.0,6.0,2
Kaduna,1885.0,2923.0,2.0,5.0,2.0,12.0,1
Jigawa,6269.0,951.0,4.0,1.0,1.0,15.0,2
Akwa Ibom,4153.0,413.0,2.0,2.0,2.0,2.0,0
Bayelsa,10709.0,2448.0,2.0,5.0,2.0,2.0,1
Enugu,12878.0,2113.0,3.0,2.0,2.0,7.0,2
Enugu,3890.0,2681.0,2.0,3.0,3.0,18.0,2
Gombe,11413.0,1024.0,3.0,1.0,4.0,11.0,2
Ekiti,7188.0,887.0,4.0,4.0,4.0,16.0,1
Katsina,13041.0,1975.0,2.0,1.0,4.0,12.0,2
Enugu,14992.0,540.0,3.0,5.0,5.0,4.0,1
Kaduna,12905.0,919.0,3.0,4.0,4.0,9.0,1
Gombe,5640.0,1736.0,5.0,4.0,5.0,2.0,0
Ebonyi,3238.0,3128.0,4.0,2.0,2.0,6.0,0
Abia,1210.0,2250.0,3.0,4.0,4.0,13.0,1
Ekiti,13160.0,1728.0,4.0,3.0,4.0,20.0,2
Kano,2167.0,1874.0,1.0,4.0,1.0,18.0,2
Bayelsa,4182.0,3325.0,4.0,3.0,3.0,16.0,1
Kwara,9005.0,2800.0,3.0,4.0,1.0,13.0,2
Lagos,5043.0,1192.0,4.0,3.0,1.0,20.0,2
Kwara,12082.0,315.0,2.0,5.0,3.0,14.0,2
Kogi,3414.0,1241.0,2.0,5.0,5.0,5.0,0
Abia,2912.0,3357.0,1.0,4.0,4.0,18.0,1
Osun,2316.0,2323.0,2.0,2.0,4.0,13.0,1
Cross River,12335.0,1437.0,5.0,4.0,5.0,18.0,2
Delta,13024.0,1885.0,1.0,5.0,1.0,11.0,2
Ogun,3338.0,1301.0,2.0,3.0,4.0,0.0,0
Bayelsa,14375.0,2214.0,1.0,1.0,1.0,13.0,2
Jigawa,7829.0,2880.0,3.0,2.0,4.0,5.0,1
Edo,4053.0,3083.0,2.0,4.0,2.0,5.0,0
Jigawa,2806.0,2045.0,5.0,2.0,2.0,6.0,0
Adamawa,13286.0,948.0,2.0,4.0,3.0,14.0,2
Kebbi,11230.0,647.0,2.0,3.0,1.0,2.0,1
Ekiti,3042.0,1333.0,1.0,1.0,3.0,18.0,2
Borno,8829.0,2187.0,1.0,1.0,1.0,8.0,2
Nasarawa,1118.0,2925.0,5.0,1.0,1.0,6.0,0
Jigawa,13972.0,229.0,4.0,5.0,5.0,8.0,1
Oyo,8961.0,2138.0,3.0,4.0,5.0,10.0,1
Edo,12171.0,1605.0,3.0,3.0,2.0,12.0,2
Ekiti,11007.0,434.0,3.0,1.0,3.0,0.0,1
Gombe,12441.0,1845.0,2.0,5.0,1.0,3.0,1
Ondo,9693.0,1344.0,2.0,4.0,3.0,19.0,2
Kogi,11795.0,2146.0,5.0,2.0,4.0,0.0,0
Kebbi,14313.0,1519.0,1.0,1.0,3.0,10.0,2
Kogi,8279.0,1156.0,5.0,4.0,4.0,19.0,2
Niger,2333.0,1626.0,4.0,1.0,4.0,12.0,1
Delta,10947.0,999.0,2.0,5.0,5.0,16.0,2
Adamawa,3094.0,2239.0,1.0,5.0,3.0,14.0,1
Bayelsa,8311.0,673.0,4.0,2.0,5.0,7.0,1
Benue,3792.0,3285.0,1.0,4.0,1.0,0.0,0
Bayelsa,6349.0,1770.0,3.0,3.0,2.0,15.0,2
Osun,11987.0,704.0,2.0,4.0,5.0,2.0,1
Niger,12334.0,1563.0,2.0,5.0,5.0,2.0,1
Kebbi,6623.0,1744.0,4.0,4.0,5.0,7.0,0
Borno,5244.0,673.0,3.0,1.0,1.0,2.0,1
Ebonyi,13133.0,2625.0,2.0,5.0,1.0,11.0,2
Bauchi,14980.0,1483.0,4.0,1.0,5.0,9.0,2
Adamawa,10667.0,2393.0,2.0,4.0,4.0,10.0,1
Nasarawa,6980.0,3466.0,2.0,5.0,5.0,18.0,2
Borno,2746.0,1819.0,1.0,4.0,5.0,10.0,1
Bauchi,14371.0,1415.0,2.0,4.0,4.0,4.0,1
Katsina,5643.0,797.0,1.0,3.0,5.0,9.0,1
Jigawa,12282.0,705.0,3.0,4.0,5.0,20.0,2
Ogun,4534.0,2227.0,3.0,1.0,4.0,10.0,1
Bauchi,14564.0,3135.0,2.0,1.0,2.0,5.0,2
Ondo,8987.0,3179.0,4.0,2.0,3.0,0.0,0
Kaduna,7427.0,1582.0,4.0,3.0,4.0,12.0,1
Ekiti,2176.0,2362.0,3.0,2.0,3.0,17.0,1
Ekiti,2594.0,736.0,3.0,1.0,5.0,9.0,1
Gombe,11725.0,870.0,5.0,4.0,2.0,15.0,2
Delta,3372.0,1059.0,2.0,1.0,2.0,11.0,1
Lagos,10431.0,617.0,2.0,4.0,4.0,5.0,1
Oyo,1922.0,593.0,3.0,2.0,4.0,1.0,0
Anambra,9444.0,2862.0,3.0,4.0,5.0,4.0,0
Kebbi,12838.0,1854.0,2.0,1.0,1.0,7.0,2
Ekiti,9005.0,1439.0,5.0,4.0,2.0,2.0,0
Nasarawa,8596.0,2863.0,4.0,4.0,3.0,11.0,1
Abia,2966.0,677.0,1.0,4.0,1.0,20.0,2
Kogi,9351.0,1121.0,1.0,5.0,5.0,18.0,2
Imo,5484.0,3041.0,1.0,2.0,5.0,12.0,1
Imo,11561.0,3078.0,4.0,5.0,3.0,4.0,1
Anambra,6328.0,460.0,5.0,4.0,2.0,0.0,0
Ekiti,10110.0,2397.0,5.0,1.0,4.0,16.0,2
Ogun,10580.0,2407.0,1.0,1.0,2.0,5.0,1
Ondo,10815.0,3047.0,2.0,5.0,1.0,14.0,2
Niger,6149.0,703.0,1.0,5.0,2.0,6.0,1
Kebbi,3641.0,559.0,5.0,1.0,3.0,2.0,0
Anambra,9292.0,1422.0,3.0,2.0,5.0,13.0,2
Kogi,1001.0,1217.0,3.0,5.0,1.0,9.0,0
Kogi,9750.0,2022.0,2.0,4.0,5.0,10.0,1
Jigawa,6769.0,2682.0,5.0,2.0,5.0,3.0,0
Kogi,14431.0,383.0,2.0,2.0,1.0,4.0,2
Delta,14641.0,1081.0,2.0,5.0,5.0,6.0,1
Kano,6882.0,1336.0,2.0,4.0,5.0,2.0,0
Kaduna,5177.0,1267.0,4.0,4.0,2.0,14.0,1
Akwa Ibom,5164.0,2971.0,4.0,5.0,2.0,6.0,0
Akwa Ibom,11314.0,3201.0,3.0,3.0,2.0,18.0,2
Kogi,11613.0,2294.0,5.0,4.0,2.0,4.0,1
Ebonyi,13907.0,1976.0,4.0,5.0,1.0,7.0,1
Akwa Ibom,5425.0,710.0,5.0,5.0,1.0,13.0,1
Akwa Ibom,6396.0,2822.0,1.0,3.0,3.0,8.0,1
Bauchi,14076.0,1124.0,3.0,1.0,1.0,12.0,2
Borno,7203.0,630.0,1.0,5.0,2.0,9.0,1
Kano,14456.0,2205.0,1.0,3.0,5.0,18.0,2
Ondo,5620.0,2459.0,3.0,1.0,5.0,1.0,0
Bayelsa,6210.0,3279.0,4.0,3.0,2.0,17.0,2
Kaduna,10742.0,1849.0,4.0,2.0,5.0,8.0,1
Abia,12250.0,2303.0,2.0,2.0,2.0,12.0,2
Kano,13049.0,1295.0,1.0,2.0,3.0,19.0,2
Enugu,12579.0,2075.0,2.0,3.0,4.0,14.0,2
Jigawa,5699.0,1329.0,4.0,2.0,5.0,9.0,1
Kebbi,2424.0,1451.0,4.0,1.0,3.0,20.0,2
Akwa Ibom,2256.0,3189.0,2.0,2.0,1.0,18.0,2
Adamawa,2385.0,3245.0,3.0,4.0,5.0,0.0,0
Enugu,12092.0,2283.0,2.0,4.0,4.0,16.0,2
Kogi,12088.0,2380.0,1.0,1.0,4.0,19.0,2
Benue,14621.0,3255.0,1.0,5.0,4.0,11.0,2
Borno,13107.0,2908.0,5.0,1.0,5.0,19.0,2
Gombe,3761.0,2962.0,5.0,2.0,2.0,2.0,0
Edo,14752.0,746.0,5.0,1.0,3.0,13.0,2
Imo,7211.0,898.0,3.0,3.0,1.0,7.0,1
Ogun,9832.0,3339.0,1.0,3.0,3.0,15.0,2
Delta,5337.0,1072.0,1.0,4.0,5.0,6.0,0
Oyo,5994.0,2833.0,5.0,4.0,1.0,19.0,2
Ondo,8999.0,435.0,3.0,5.0,1.0,14.0,2
Ebonyi,5888.0,1649.0,1.0,3.0,1.0,5.0,1
Ekiti,6808.0,236.0,1.0,4.0,4.0,6.0,1
Akwa Ibom,9668.0,2306.0,2.0,1.0,4.0,15.0,2
Abia,3549.0,3351.0,3.0,4.0,2.0,12.0,1
Edo,5903.0,1692.0,4.0,5.0,2.0,8.0,1
Anambra,8185.0,2888.0,4.0,2.0,2.0,11.0,1
Lagos,8110.0,223.0,3.0,1.0,2.0,6.0,1
Delta,1659.0,747.0,4.0,3.0,4.0,1.0,0
Bayelsa,11915.0,1015.0,4.0,1.0,3.0,13.0,2
Imo,10013.0,2229.0,2.0,4.0,3.0,16.0,2
Lagos,13155.0,1792.0,2.0,1.0,1.0,0.0,1
Bauchi,3548.0,1609.0,5.0,2.0,1.0,1.0,0
Kogi,14596.0,1601.0,4.0,1.0,5.0,13.0,2
Imo,5742.0,1355.0,4.0,4.0,1.0,7.0,1
Katsina,3498.0,3187.0,5.0,2.0,2.0,8.0,1
Nasarawa,2884.0,1279.0,2.0,2.0,4.0,15.0,1
Kwara,13824.0,622.0,5.0,2.0,5.0,6.0,1
Ondo,10686.0,2776.0,2.0,1.0,2.0,4.0,1
Ekiti,1628.0,1321.0,2.0,4.0,2.0,0.0,0
Katsina,4270.0,572.0,1.0,4.0,4.0,16.0,1
Delta,12471.0,2794.0,2.0,3.0,2.0,13.0,2
Imo,2005.0,2288.0,4.0,3.0,1.0,3.0,0
Cross River,6956.0,1349.0,3.0,2.0,4.0,10.0,1
Osun,1779.0,944.0,1.0,1.0,1.0,10.0,1
Benue,5674.0,2133.0,3.0,1.0,5.0,13.0,1
Bayelsa,5133.0,2212.0,3.0,3.0,3.0,3.0,0
Anambra,11960.0,255.0,5.0,3.0,2.0,11.0,2
Lagos,14271.0,1680.0,5.0,5.0,5.0,11.0,1
Borno,11653.0,1330.0,2.0,4.0,5.0,2.0,1
Osun,2742.0,734.0,5.0,1.0,1.0,18.0,2
Oyo,11720.0,980.0,2.0,1.0,4.0,2.0,1
Kaduna,11141.0,1604.0,3.0,2.0,4.0,17.0,2
Lagos,3517.0,379.0,2.0,4.0,2.0,17.0,2
Kwara,5137.0,3310.0,5.0,3.0,3.0,14.0,1
Kebbi,12752.0,680.0,4.0,4.0,1.0,13.0,2
Jigawa,9255.0,3439.0,1.0,5.0,2.0,8.0,1
Kwara,3112.0,1386.0,1.0,1.0,5.0,6.0,1
Lagos,14345.0,1828.0,4.0,5.0,5.0,2.0,1
Bayelsa,8172.0,3274.0,5.0,5.0,4.0,12.0,1
Ekiti,10948.0,1312.0,2.0,1.0,2.0,5.0,1
Kano,4568.0,2625.0,1.0,4.0,5.0,16.0,1
Kwara,12805.0,2350.0,3.0,2.0,3.0,9.0,2
Kwara,5399.0,2461.0,1.0,2.0,2.0,1.0,0
Kaduna,4902.0,1395.0,1.0,3.0,2.0,4.0,1
Cross River,13953.0,411.0,2.0,5.0,2.0,3.0,1
Abia,11627.0,1623.0,5.0,3.0,3.0,2.0,1
Kwara,9999.0,1281.0,2.0,5.0,4.0,9.0,1
Ebonyi,1938.0,2763.0,1.0,2.0,3.0,8.0,1
Bayelsa,5194.0,264.0,5.0,1.0,5.0,12.0,1
Kebbi,5216.0,2765.0,5.0,2.0,5.0,14.0,1
Borno,6312.0,1300.0,2.0,4.0,5.0,4.0,0
Gombe,4796.0,3189.0,4.0,2.0,3.0,15.0,1
Akwa Ibom,9125.0,943.0,4.0,2.0,2.0,6.0,1
Kano,9036.0,3187.0,2.0,1.0,3.0,9.0,2
Bayelsa,3911.0,1814.0,5.0,1.0,2.0,4.0,0
Akwa Ibom,7986.0,1204.0,4.0,1.0,4.0,16.0,2
Bauchi,12907.0,3273.0,1.0,1.0,5.0,12.0,2
Ekiti,1339.0,650.0,1.0,2.0,1.0,7.0,1
Nasarawa,2369.0,1296.0,2.0,1.0,5.0,0.0,0
Niger,2742.0,2421.0,3.0,2.0,1.0,4.0,0
Imo,13446.0,2505.0,4.0,3.0,2.0,10.0,2
Imo,3531.0,1198.0,1.0,3.0,5.0,20.0,2
Kaduna,3016.0,286.0,1.0,5.0,1.0,9.0,1
Anambra,9381.0,1901.0,2.0,2.0,1.0,0.0,1
Borno,7998.0,1778.0,2.0,3.0,3.0,7.0,1
Oyo,12213.0,1775.0,1.0,2.0,4.0,3.0,1
Borno,2666.0,1354.0,3.0,5.0,1.0,10.0,1
Anambra,6906.0,547.0,1.0,2.0,5.0,5.0,1
Enugu,9691.0,1571.0,5.0,4.0,2.0,4.0,1
Osun,11932.0,3014.0,3.0,3.0,5.0,11.0,1
Osun,2702.0,1310.0,4.0,3.0,3.0,2.0,0
Niger,1035.0,808.0,2.0,2.0,3.0,12.0,1
Gombe,12818.0,3463.0,4.0,1.0,1.0,18.0,2
Enugu,12906.0,1340.0,2.0,3.0,1.0,4.0,1
Bayelsa,13575.0,1777.0,3.0,4.0,3.0,13.0,2
Imo,12361.0,1895.0,5.0,2.0,3.0,20.0,2
Oyo,5028.0,1769.0,4.0,4.0,5.0,17.0,1
Kaduna,9070.0,2381.0,5.0,4.0,2.0,2.0,0
Kano,12713.0,1927.0,5.0,2.0,5.0,2.0,1
Borno,6926.0,211.0,2.0,3.0,1.0,17.0,2
Imo,3188.0,651.0,1.0,3.0,3.0,4.0,0
Delta,8543.0,790.0,5.0,2.0,4.0,6.0,1
Ogun,4679.0,428.0,2.0,2.0,1.0,12.0,1
Lagos,1431.0,3051.0,4.0,1.0,3.0,3.0,0
Kogi,10529.0,502.0,4.0,2.0,5.0,0.0,0
Bauchi,6984.0,778.0,1.0,1.0,2.0,0.0,1
Kano,14616.0,1905.0,2.0,4.0,2.0,4.0,1
Lagos,9641.0,3061.0,3.0,4.0,4.0,10.0,1
Gombe,13802.0,2841.0,1.0,1.0,3.0,4.0,2
Adamawa,11525.0,331.0,5.0,5.0,2.0,5.0,1
Abia,7494.0,1935.0,4.0,3.0,5.0,18.0,2
Jigawa,6014.0,3105.0,2.0,2.0,4.0,8.0,1
Akwa Ibom,9544.0,1746.0,2.0,4.0,2.0,19.0,2
Adamawa,4586.0,1806.0,2.0,5.0,5.0,2.0,0
Ogun,12344.0,2118.0,4.0,4.0,3.0,12.0,2
Bayelsa,1895.0,3490.0,3.0,2.0,4.0,8.0,0
Anambra,2710.0,518.0,3.0,3.0,5.0,0.0,0
Borno,5623.0,866.0,5.0,1.0,1.0,6.0,1
Katsina,1179.0,3298.0,3.0,5.0,2.0,6.0,0
Kebbi,1530.0,1184.0,3.0,5.0,1.0,18.0,1
Adamawa,10236.0,3436.0,4.0,1.0,1.0,10.0,2
Akwa Ibom,6056.0,234.0,3.0,4.0,3.0,16.0,2
Benue,6152.0,3279.0,4.0,2.0,3.0,3.0,0
Ebonyi,7672.0,3236.0,5.0,5.0,1.0,4.0,0
Abia,10620.0,3460.0,4.0,5.0,4.0,1.0,0
Delta,3641.0,820.0,4.0,1.0,1.0,7.0,1
Osun,4533.0,2991.0,2.0,5.0,2.0,16.0,1
Lagos,10973.0,2868.0,5.0,4.0,3.0,4.0,1
Ebonyi,5765.0,1675.0,5.0,1.0,4.0,12.0,1
Borno,4421.0,2700.0,5.0,2.0,1.0,18.0,2
Kebbi,9151.0,598.0,1.0,3.0,2.0,17.0,2
Ondo,14064.0,3400.0,1.0,1.0,4.0,14.0,2
Ebonyi,3780.0,1410.0,2.0,3.0,1.0,18.0,2
Edo,6789.0,565.0,1.0,4.0,2.0,8.0,1
Imo,5194.0,3325.0,4.0,1.0,2.0,18.0,2
Imo,1648.0,1688.0,3.0,4.0,4.0,19.0,1
Oyo,12150.0,728.0,4.0,5.0,3.0,19.0,2
Ebonyi,7122.0,541.0,4.0,4.0,5.0,8.0,1
Osun,12182.0,374.0,5.0,2.0,1.0,17.0,2
Abia,3532.0,631.0,3.0,2.0,4.0,18.0,2
Ekiti,14989.0,498.0,2.0,4.0,4.0,2.0,1
Edo,8632.0,2118.0,5.0,1.0,4.0,2.0,0
Bayelsa,12989.0,643.0,4.0,2.0,4.0,12.0,2
Ebonyi,2056.0,1499.0,3.0,4.0,5.0,6.0,0
Kwara,13145.0,2150.0,1.0,4.0,3.0,1.0,1
Kaduna,3551.0,2124.0,2.0,3.0,2.0,18.0,2
Adamawa,10848.0,3371.0,4.0,3.0,1.0,13.0,2
Imo,4496.0,421.0,2.0,4.0,1.0,8.0,1
Cross River,11415.0,921.0,1.0,1.0,2.0,8.0,2
Ekiti,2338.0,1421.0,4.0,5.0,4.0,6.0,0
Kogi,5250.0,953.0,1.0,4.0,1.0,10.0,1
Nasarawa,5864.0,873.0,2.0,4.0,3.0,15.0,1
Imo,9773.0,3021.0,2.0,3.0,4.0,18.0,2
Ekiti,14484.0,240.0,5.0,2.0,5.0,2.0,1
Lagos,11943.0,2569.0,5.0,3.0,2.0,10.0,1
Abia,3465.0,2078.0,2.0,3.0,4.0,3.0,0
Niger,12041.0,1864.0,3.0,1.0,5.0,14.0,2
Ogun,3059.0,2798.0,4.0,1.0,5.0,1.0,0
Benue,13217.0,968.0,4.0,2.0,5.0,19.0,2
Ekiti,4541.0,1625.0,2.0,5.0,2.0,0.0,0
Edo,14332.0,1690.0,1.0,3.0,3.0,16.0,2
Ogun,3043.0,3064.0,4.0,4.0,4.0,13.0,1
Edo,6770.0,2421.0,4.0,3.0,5.0,3.0,0
Oyo,3880.0,2079.0,4.0,2.0,3.0,17.0,1
Katsina,3664.0,2423.0,4.0,3.0,4.0,13.0,1
Kebbi,5640.0,3075.0,5.0,1.0,1.0,3.0,0
Akwa Ibom,11643.0,267.0,5.0,1.0,4.0,15.0,2
Lagos,13316.0,2755.0,5.0,4.0,1.0,16.0,2
Kano,14203.0,333.0,3.0,2.0,4.0,7.0,2
Nasarawa,8448.0,2459.0,4.0,2.0,1.0,15.0,2
Anambra,6744.0,3451.0,4.0,4.0,4.0,0.0,0
Edo,13815.0,1117.0,5.0,3.0,3.0,8.0,1
Delta,14737.0,3456.0,4.0,1.0,2.0,13.0,2
Adamawa,1254.0,307.0,2.0,5.0,3.0,19.0,1
Ebonyi,6490.0,898.0,5.0,2.0,4.0,17.0,2
Ekiti,4156.0,2724.0,4.0,5.0,1.0,13.0,1
Bauchi,11424.0,1799.0,2.0,3.0,4.0,16.0,2
Bayelsa,8166.0,1146.0,1.0,5.0,2.0,3.0,1
Kebbi,10452.0,3412.0,4.0,5.0,3.0,5.0,1
Ebonyi,4338.0,581.0,1.0,4.0,1.0,0.0,0
Kebbi,13616.0,2630.0,2.0,5.0,1.0,17.0,2
Oyo,2290.0,2542.0,4.0,2.0,1.0,14.0,1
Kebbi,11346.0,3385.0,3.0,2.0,2.0,20.0,2
Osun,4633.0,1416.0,2.0,2.0,5.0,12.0,1
Nasarawa,5267.0,2900.0,1.0,1.0,3.0,4.0,1
Kebbi,1379.0,2814.0,5.0,1.0,1.0,14.0,1
Oyo,10763.0,702.0,1.0,3.0,2.0,8.0,2
Osun,3959.0,580.0,1.0,3.0,4.0,6.0,0
Ekiti,2649.0,2211.0,1.0,1.0,4.0,15.0,1
Kebbi,2250.0,1061.0,4.0,3.0,4.0,20.0,1
Oyo,8387.0,859.0,2.0,1.0,3.0,5.0,1
Kogi,10294.0,2785.0,5.0,1.0,1.0,10.0,2
Edo,8928.0,2714.0,5.0,1.0,5.0,5.0,1
Jigawa,13151.0,1242.0,1.0,5.0,2.0,0.0,1
Kaduna,1377.0,2321.0,5.0,2.0,2.0,11.0,1
Anambra,4554.0,320.0,3.0,2.0,2.0,2.0,0
Lagos,12331.0,718.0,3.0,4.0,3.0,6.0,1
Akwa Ibom,6710.0,3100.0,5.0,4.0,3.0,15.0,1
Enugu,9399.0,1838.0,2.0,2.0,3.0,6.0,1
Kogi,14861.0,3138.0,3.0,1.0,4.0,18.0,2
Niger,13557.0,2606.0,3.0,2.0,2.0,15.0,2
Enugu,8309.0,1935.0,5.0,3.0,3.0,19.0,2
Anambra,10949.0,1768.0,4.0,5.0,2.0,11.0,1
Edo,11366.0,463.0,4.0,1.0,2.0,16.0,2
Cross River,10615.0,1878.0,3.0,5.0,5.0,11.0,1
Ekiti,1490.0,669.0,2.0,4.0,3.0,5.0,0
Edo,5019.0,497.0,2.0,3.0,3.0,4.0,0
Nasarawa,6151.0,700.0,1.0,1.0,3.0,10.0,1
Benue,8624.0,2524.0,3.0,5.0,2.0,2.0,0
Ekiti,5646.0,2664.0,2.0,2.0,5.0,3.0,0
Kaduna,5555.0,3133.0,5.0,5.0,1.0,20.0,2
Enugu,12176.0,3297.0,4.0,3.0,3.0,6.0,1
Benue,1813.0,3487.0,4.0,1.0,4.0,8.0,0
Enugu,2953.0,708.0,4.0,5.0,2.0,10.0,0
Kano,7272.0,1168.0,5.0,3.0,1.0,0.0,0
Kebbi,13833.0,2558.0,1.0,3.0,4.0,4.0,1
Ogun,7599.0,351.0,5.0,1.0,5.0,10.0,1
Kebbi,1266.0,484.0,4.0,4.0,1.0,9.0,0
Cross River,6196.0,3287.0,3.0,1.0,4.0,17.0,2
Nasarawa,6131.0,2222.0,5.0,4.0,1.0,9.0,1
Kwara,8447.0,2220.0,1.0,5.0,3.0,3.0,1
Abia,4670.0,395.0,1.0,1.0,2.0,10.0,1
Ondo,12265.0,3166.0,4.0,2.0,2.0,2.0,1
Benue,12863.0,1710.0,5.0,1.0,1.0,8.0,2
Osun,13860.0,376.0,1.0,3.0,1.0,2.0,1
Cross River,6395.0,3017.0,5.0,3.0,4.0,5.0,0
Oyo,3257.0,2589.0,4.0,2.0,1.0,10.0,1
Ondo,3424.0,3284.0,5.0,4.0,4.0,3.0,0
Jigawa,9644.0,1185.0,5.0,4.0,4.0,8.0,1
Ebonyi,13658.0,3193.0,4.0,1.0,2.0,8.0,2
Nasarawa,5853.0,3113.0,1.0,5.0,3.0,7.0,1
Kogi,11602.0,3211.0,2.0,1.0,1.0,15.0,2
Adamawa,4481.0,253.0,2.0,4.0,4.0,6.0,0
Imo,2712.0,1594.0,2.0,5.0,5.0,16.0,1
Ondo,6134.0,3314.0,3.0,2.0,4.0,16.0,2
Anambra,3130.0,1096.0,3.0,4.0,4.0,19.0,1
Jigawa,4326.0,3394.0,4.0,1.0,2.0,8.0,1
Enugu,3690.0,3010.0,3.0,1.0,5.0,4.0,0
Gombe,2755.0,3251.0,1.0,1.0,2.0,14.0,2
Bayelsa,5370.0,317.0,4.0,4.0,5.0,11.0,1
Cross River,2938.0,2454.0,1.0,4.0,3.0,6.0,0
Bauchi,7503.0,2256.0,4.0,3.0,5.0,1.0,0
Gombe,5466.0,1714.0,1.0,4.0,1.0,13.0,2
Benue,5816.0,975.0,4.0,5.0,2.0,8.0,1
Jigawa,10952.0,2221.0,5.0,1.0,4.0,1.0,0
Kebbi,5078.0,654.0,2.0,1.0,1.0,1.0,1
Kano,5361.0,1177.0,1.0,1.0,5.0,8.0,1
Borno,11161.0,3065.0,4.0,4.0,4.0,3.0,1
Borno,13024.0,3033.0,3.0,2.0,4.0,5.0,1
Niger,4335.0,1623.0,3.0,3.0,5.0,0.0,0
Anambra,4032.0,2261.0,5.0,3.0,4.0,7.0,0
Bayelsa,6162.0,2991.0,1.0,2.0,2.0,10.0,1
Osun,8458.0,780.0,1.0,4.0,4.0,10.0,1
Abia,3908.0,1280.0,1.0,1.0,2.0,19.0,2
Edo,8763.0,2588.0,1.0,2.0,4.0,15.0,2
Anambra,1740.0,271.0,5.0,2.0,3.0,16.0,1
Jigawa,3741.0,3292.0,2.0,1.0,1.0,9.0,1
Niger,13061.0,1574.0,4.0,3.0,4.0,17.0,2
Cross River,11869.0,2192.0,3.0,4.0,3.0,0.0,0
Ogun,6777.0,1433.0,3.0,5.0,5.0,15.0,1
Anambra,5422.0,3008.0,5.0,2.0,1.0,13.0,1
Ondo,4608.0,2900.0,2.0,4.0,3.0,0.0,0
Borno,10463.0,3235.0,4.0,2.0,3.0,2.0,1
Benue,7189.0,2816.0,1.0,5.0,3.0,14.0,2
Osun,9632.0,916.0,3.0,3.0,3.0,12.0,2
Kano,7836.0,1331.0,3.0,1.0,2.0,18.0,2
Jigawa,12498.0,1606.0,5.0,4.0,1.0,14.0,2
Kano,13984.0,3445.0,3.0,1.0,3.0,0.0,1
Imo,12231.0,802.0,4.0,5.0,2.0,9.0,1
Katsina,10144.0,2921.0,2.0,4.0,3.0,9.0,1
Akwa Ibom,14103.0,1407.0,1.0,1.0,4.0,6.0,2
Delta,14524.0,2629.0,1.0,4.0,1.0,9.0,2
Abia,8050.0,1642.0,1.0,3.0,1.0,4.0,1
Edo,5641.0,3416.0,5.0,2.0,5.0,2.0,0
Kwara,5434.0,784.0,2.0,5.0,4.0,2.0,0
Delta,4585.0,331.0,4.0,2.0,3.0,20.0,2
Ekiti,7923.0,1834.0,1.0,3.0,3.0,19.0,2
Delta,3839.0,2509.0,4.0,5.0,3.0,4.0,0
Kogi,13577.0,1017.0,3.0,4.0,2.0,17.0,2
Benue,5932.0,1449.0,1.0,5.0,3.0,20.0,2
Gombe,9942.0,951.0,4.0,1.0,4.0,4.0,1
Jigawa,8240.0,3043.0,3.0,3.0,5.0,14.0,1
Edo,8006.0,2110.0,4.0,4.0,4.0,0.0,0
Oyo,10157.0,308.0,4.0,2.0,1.0,19.0,2
Oyo,5954.0,3422.0,2.0,5.0,5.0,11.0,1
Bauchi,11172.0,2425.0,5.0,1.0,3.0,12.0,2
Bauchi,7601.0,2944.0,1.0,5.0,4.0,14.0,1
Nasarawa,7992.0,1819.0,3.0,3.0,3.0,10.0,2
FCT (Abuja),7992.0,1819.0,3.0,3.0,3.0,10.0,0
Plateau,7992.0,1819.0,3.0,3.0,3.0,10.0,1
Nasarawa,7992.0,1819.0,3.0,3.0,3.0,10.0,0
Benue,7992.0,1819.0,3.0,3.0,3.0,10.0,0
Benue,7992.0,1819.0,3.0,3.0,3.0,10.0,2
Jigawa,7992.0,1819.0,3.0,3.0,3.0,10.0,0
Adamawa,7992.0,1819.0,3.0,3.0,3.0,10.0,0
Benue,7992.0,1819.0,3.0,3.0,3.0,10.0,0
FCT (Abuja),7992.0,1819.0,3.0,3.0,3.0,10.0,2
Adamawa,7992.0,1819.0,3.0,3.0,3.0,10.0,2
Benue,7992.0,1819.0,3.0,3.0,3.0,10.0,2
FCT (Abuja),7992.0,1819.0,3.0,3.0,3.0,10.0,0
Nasarawa,7992.0,1819.0,3.0,3.0,3.0,10.0,1
Adamawa,7992.0,1819.0,3.0,3.0,3.0,10.0,2
FCT (Abuja),7992.0,1819.0,3.0,3.0,3.0,10.0,1
Benue,7992.0,1819.0,3.0,3.0,3.0,10.0,1
Benue,7992.0,1819.0,3.0,3.0,3.0,10.0,0
Nasarawa,7992.0,1819.0,3.0,3.0,3.0,10.0,0
FCT (Abuja),7992.0,1819.0,3.0,3.0,3.0,10.0,0
FCT (Abuja),7992.0,1819.0,3.0,3.0,3.0,10.0,2
Jigawa,7992.0,1819.0,3.0,3.0,3.0,10.0,2
Jigawa,7992.0,1819.0,3.0,3.0,3.0,10.0,0
Jigawa,7992.0,1819.0,3.0,3.0,3.0,10.0,0
FCT (Abuja),7992.0,1819.0,3.0,3.0,3.0,10.0,2
Nasarawa,7992.0,1819.0,3.0,3.0,3.0,10.0,0
Plateau,7992.0,1819.0,3.0,3.0,3.0,10.0,0
Nasarawa,7992.0,1819.0,3.0,3.0,3.0,10.0,0
Plateau,7992.0,1819.0,3.0,3.0,3.0,10.0,1
Jigawa,7992.0,1819.0,3.0,3.0,3.0,10.0,2
Adamawa,7992.0,1819.0,3.0,3.0,3.0,10.0,0
Adamawa,7992.0,1819.0,3.0,3.0,3.0,10.0,2
Plateau,7992.0,1819.0,3.0,3.0,3.0,10.0,0
Plateau,7992.0,1819.0,3.0,3.0,3.0,10.0,0
Jigawa,7992.0,1819.0,3.0,3.0,3.0,10.0,2
FCT (Abuja),7992.0,1819.0,3.0,3.0,3.0,10.0,0
Plateau,7992.0,1819.0,3.0,3.0,3.0,10.0,0
Adamawa,7992.0,1819.0,3.0,3.0,3.0,10.0,0
Jigawa,7992.0,1819.0,3.0,3.0,3.0,10.0,0
Adamawa,7992.0,1819.0,3.0,3.0,3.0,10.0,2
FCT (Abuja),7992.0,1819.0,3.0,3.0,3.0,10.0,2
Nasarawa,7992.0,1819.0,3.0,3.0,3.0,10.0,2
Nasarawa,7992.0,1819.0,3.0,3.0,3.0,10.0,2
Adamawa,7992.0,1819.0,3.0,3.0,3.0,10.0,2
Benue,7992.0,1819.0,3.0,3.0,3.0,10.0,2
Benue,7992.0,1819.0,3.0,3.0,3.0,10.0,2
Plateau,7992.0,1819.0,3.0,3.0,3.0,10.0,0
Jigawa,7992.0,1819.0,3.0,3.0,3.0,10.0,2
Nasarawa,7992.0,1819.0,3.0,3.0,3.0,10.0,2
Nasarawa,7992.0,1819.0,3.0,3.0,3.0,10.0,0
FCT (Abuja),7992.0,1819.0,3.0,3.0,3.0,10.0,2
Jigawa,7992.0,1819.0,3.0,3.0,3.0,10.0,2
Jigawa,7992.0,1819.0,3.0,3.0,3.0,10.0,0
Nasarawa,7992.0,1819.0,3.0,3.0,3.0,10.0,0
Jigawa,7992.0,1819.0,3.0,3.0,3.0,10.0,2
Nasarawa,7992.0,1819.0,3.0,3.0,3.0,10.0,0
Plateau,7992.0,1819.0,3.0,3.0,3.0,10.0,2
Jigawa,7992.0,1819.0,3.0,3.0,3.0,10.0,0
Plateau,7992.0,1819.0,3.0,3.0,3.0,10.0,1
Benue,7992.0,1819.0,3.0,3.0,3.0,10.0,2
Nasarawa,7992.0,1819.0,3.0,3.0,3.0,10.0,0
Nasarawa,7992.0,1819.0,3.0,3.0,3.0,10.0,0
Adamawa,7992.0,1819.0,3.0,3.0,3.0,10.0,0
Jigawa,7992.0,1819.0,3.0,3.0,3.0,10.0,0
Benue,7992.0,1819.0,3.0,3.0,3.0,10.0,0
Jigawa,7992.0,1819.0,3.0,3.0,3.0,10.0,0
Benue,7992.0,1819.0,3.0,3.0,3.0,10.0,0
FCT (Abuja),7992.0,1819.0,3.0,3.0,3.0,10.0,2
FCT (Abuja),7992.0,1819.0,3.0,3.0,3.0,10.0,0
Benue,7992.0,1819.0,3.0,3.0,3.0,10.0,1
Adamawa,7992.0,1819.0,3.0,3.0,3.0,10.0,2
Adamawa,7992.0,1819.0,3.0,3.0,3.0,10.0,2
Nasarawa,7992.0,1819.0,3.0,3.0,3.0,10.0,0
Nasarawa,7992.0,1819.0,3.0,3.0,3.0,10.0,1
Plateau,7992.0,1819.0,3.0,3.0,3.0,10.0,0
FCT (Abuja),7992.0,1819.0,3.0,3.0,3.0,10.0,2
FCT (Abuja),7992.0,1819.0,3.0,3.0,3.0,10.0,2
Jigawa,7992.0,1819.0,3.0,3.0,3.0,10.0,0
FCT (Abuja),7992.0,1819.0,3.0,3.0,3.0,10.0,2
Plateau,7992.0,1819.0,3.0,3.0,3.0,10.0,0
Nasarawa,7992.0,1819.0,3.0,3.0,3.0,10.0,2
Benue,7992.0,1819.0,3.0,3.0,3.0,10.0,0
Benue,7992.0,1819.0,3.0,3.0,3.0,10.0,2
Nasarawa,7992.0,1819.0,3.0,3.0,3.0,10.0,0
Plateau,7992.0,1819.0,3.0,3.0,3.0,10.0,0
Adamawa,7992.0,1819.0,3.0,3.0,3.0,10.0,0
Nasarawa,7992.0,1819.0,3.0,3.0,3.0,10.0,0
Nasarawa,7992.0,1819.0,3.0,3.0,3.0,10.0,0
Benue,7992.0,1819.0,3.0,3.0,3.0,10.0,0
Plateau,7992.0,1819.0,3.0,3.0,3.0,10.0,1
FCT (Abuja),7992.0,1819.0,3.0,3.0,3.0,10.0,1
Adamawa,7992.0,1819.0,3.0,3.0,3.0,10.0,0
Nasarawa,7992.0,1819.0,3.0,3.0,3.0,10.0,1
Nasarawa,7992.0,1819.0,3.0,3.0,3.0,10.0,1
FCT (Abuja),7992.0,1819.0,3.0,3.0,3.0,10.0,1
Benue,7992.0,1819.0,3.0,3.0,3.0,10.0,0
Nasarawa,7992.0,1819.0,3.0,3.0,3.0,10.0,0
Adamawa,7992.0,1819.0,3.0,3.0,3.0,10.0,0
Plateau,7992.0,1819.0,3.0,3.0,3.0,10.0,1
Nasarawa,7992.0,1819.0,3.0,3.0,3.0,10.0,0
